Date,Time,Pair,Direction,Score,Recommendation,Entry,SL,TP1,TP2,TP3,Factors
2025-11-25,20:55:32,EUR/USD,LONG,3,Buy Limit,1.156,1.153,1.158,1.159,1.161,1_breakout:✓ LONG | 2_rsi:✗ RSI 19.6 | 3_macd:✗ MACD no signal | 4_ema:✗ EMA not aligned | 5_momentum:✗ Weak candle | 6_volume:✗ Volume 1.00x | 7_fvg:✓ FVG gap | 8_sr:✓ Near S/R
2025-11-25,20:55:33,GBP/USD,SHORT,5,Sell Limit,1.31562,1.31862,1.31362,1.31262,1.31062,1_breakout:✓ SHORT | 2_rsi:✗ RSI 15.5 | 3_macd:✓ MACD bullish | 4_ema:✓ EMA aligned | 5_momentum:✗ Weak candle | 6_volume:✗ Volume 1.00x | 7_fvg:✓ FVG gap | 8_sr:✓ Near S/R
2025-11-25,20:55:34,USD/JPY,SHORT,3,Sell Limit,156.18072,156.18372,156.17872,156.17772,156.17572,1_breakout:✓ SHORT | 2_rsi:✗ RSI 81.8 | 3_macd:✗ MACD no signal | 4_ema:✗ EMA not aligned | 5_momentum:✗ Weak candle | 6_volume:✗ Volume 1.00x | 7_fvg:✓ FVG gap | 8_sr:✓ Near S/R
2025-11-25,20:55:36,USD/CAD,SHORT,3,Sell Limit,1.41032,1.41332,1.40832,1.40732,1.40532,1_breakout:✓ SHORT | 2_rsi:✗ RSI 60.0 | 3_macd:✗ MACD no signal | 4_ema:✗ EMA not aligned | 5_momentum:✗ Weak candle | 6_volume:✗ Volume 1.00x | 7_fvg:✓ FVG gap | 8_sr:✓ Near S/R
2025-11-25,20:55:37,EUR/GBP,LONG,5,Buy Limit,0.87869,0.87569,0.88069,0.88169,0.88369,1_breakout:✓ LONG | 2_rsi:✗ RSI 83.9 | 3_macd:✓ MACD bullish | 4_ema:✓ EMA aligned | 5_momentum:✗ Weak candle | 6_volume:✗ Volume 1.00x | 7_fvg:✓ FVG gap | 8_sr:✓ Near S/R
2025-11-25,20:55:38,XAU/USD,SHORT,3,Sell Limit,4132.15272,4132.15572,4132.15072,4132.14972,4132.14772,1_breakout:✓ SHORT | 2_rsi:✗ RSI 50.9 | 3_macd:✗ MACD no signal | 4_ema:✓ EMA aligned | 5_momentum:✗ Weak candle | 6_volume:✗ Volume 1.00x | 7_fvg:✗ No FVG | 8_sr:✓ Near S/R
2025-11-25,21:46:23,EUR/USD,SHORT,2,Sell Limit,1.15713,1.16013,1.15513,1.15413,1.15213,1_breakout:✓ SHORT | 2_rsi:✗ RSI 69.4 | 3_macd:✗ MACD no signal | 4_ema:✗ EMA not aligned | 5_momentum:✗ Weak candle | 6_volume:✗ Volume 1.00x | 7_fvg:✗ No FVG | 8_sr:✓ Near S/R
2025-11-25,21:46:24,GBP/USD,SHORT,3,Sell Limit,1.31667,1.31967,1.31467,1.31367,1.31167,1_breakout:✓ SHORT | 2_rsi:✗ RSI 51.7 | 3_macd:✗ MACD no signal | 4_ema:✓ EMA aligned | 5_momentum:✗ Weak candle | 6_volume:✗ Volume 1.00x | 7_fvg:✓ FVG gap | 8_sr:✗ Away S/R
2025-11-25,21:46:25,USD/JPY,LONG,2,Buy Limit,156.08536,156.08236,156.08736,156.08836,156.09036,1_breakout:✓ LONG | 2_rsi:✗ RSI 40.0 | 3_macd:✗ MACD no signal | 4_ema:✓ EMA aligned | 5_momentum:✗ Weak candle | 6_volume:✗ Volume 1.00x | 7_fvg:✗ No FVG | 8_sr:✗ Away S/R
2025-11-25,21:46:27,EUR/GBP,LONG,4,Buy Limit,0.87885,0.87585,0.88085,0.88185,0.88385,1_breakout:✓ LONG | 2_rsi:✗ RSI 72.2 | 3_macd:✗ MACD no signal | 4_ema:✓ EMA aligned | 5_momentum:✗ Weak candle | 6_volume:✗ Volume 1.00x | 7_fvg:✓ FVG gap | 8_sr:✓ Near S/R
2025-11-25,21:46:28,XAU/USD,SHORT,3,Sell Limit,4131.4326,4131.4356,4131.4306,4131.4296,4131.4276,1_breakout:✓ SHORT | 2_rsi:✓ RSI 47.6 | 3_macd:✗ MACD no signal | 4_ema:✓ EMA aligned | 5_momentum:✗ Weak candle | 6_volume:✗ Volume 1.00x | 7_fvg:✗ No FVG | 8_sr:✗ Away S/R
2025-11-25,21:53:53,EUR/USD,SHORT,1,SKIP,1.1571,1.1601,1.1551,1.1541,1.1521,1_breakout:✓ SHORT | 2_rsi:✗ RSI 71.1 | 3_macd:✗ MACD no signal | 4_ema:✗ EMA not aligned | 5_momentum:✗ Weak candle | 6_volume:✗ Volume 1.00x | 7_fvg:✗ No FVG | 8_sr:✗ Away S/R
2025-11-25,21:53:54,GBP/USD,SHORT,2,SKIP,1.31671,1.31971,1.31471,1.31371,1.31171,1_breakout:✓ SHORT | 2_rsi:✗ RSI 57.2 | 3_macd:✗ MACD no signal | 4_ema:✓ EMA aligned | 5_momentum:✗ Weak candle | 6_volume:✗ Volume 1.00x | 7_fvg:✗ No FVG | 8_sr:✗ Away S/R
2025-11-25,21:53:55,USD/JPY,LONG,2,SKIP,156.08134,156.07834,156.08334,156.08434,156.08634,1_breakout:✓ LONG | 2_rsi:✗ RSI 36.1 | 3_macd:✗ MACD no signal | 4_ema:✓ EMA aligned | 5_momentum:✗ Weak candle | 6_volume:✗ Volume 1.00x | 7_fvg:✗ No FVG | 8_sr:✗ Away S/R
2025-11-25,21:53:57,EUR/GBP,LONG,3,SKIP,0.87879,0.87579,0.88079,0.88179,0.88379,1_breakout:✓ LONG | 2_rsi:✓ RSI 66.3 | 3_macd:✗ MACD no signal | 4_ema:✓ EMA aligned | 5_momentum:✗ Weak candle | 6_volume:✗ Volume 1.00x | 7_fvg:✗ No FVG | 8_sr:✗ Away S/R
2025-11-25,21:53:58,XAU/USD,SHORT,4,SKIP,4130.06032,4130.06332,4130.05832,4130.05732,4130.05532,1_breakout:✓ SHORT | 2_rsi:✓ RSI 31.0 | 3_macd:✗ MACD no signal | 4_ema:✓ EMA aligned | 5_momentum:✓ Strong candle | 6_volume:✗ Volume 1.00x | 7_fvg:✗ No FVG | 8_sr:✗ Away S/R
2025-11-26,14:46:32,GBP/USD,LONG,4,SKIP,1.31983,1.31683,1.32183,1.32283,1.32483,1_breakout:✓ LONG | 2_rsi:✓ RSI 51.2 | 3_macd:✗ MACD no signal | 4_ema:✓ EMA aligned | 5_momentum:✗ Weak candle | 6_volume:✗ Volume 1.00x | 7_fvg:✓ FVG gap | 8_sr:✗ Away S/R
2025-11-26,14:46:34,USD/JPY,LONG,3,SKIP,156.61945,156.61645,156.62145,156.62245,156.62445,1_breakout:✓ LONG | 2_rsi:✗ RSI 46.5 | 3_macd:✗ MACD no signal | 4_ema:✓ EMA aligned | 5_momentum:✗ Weak candle | 6_volume:✗ Volume 1.00x | 7_fvg:✗ No FVG | 8_sr:✓ Near S/R
2025-11-26,14:46:35,USD/CAD,LONG,3,SKIP,1.40882,1.40582,1.41082,1.41182,1.41382,1_breakout:✓ LONG | 2_rsi:✗ RSI 35.6 | 3_macd:✗ MACD no signal | 4_ema:✗ EMA not aligned | 5_momentum:✓ Strong candle | 6_volume:✗ Volume 1.00x | 7_fvg:✗ No FVG | 8_sr:✓ Near S/R
2025-11-26,14:46:36,EUR/GBP,SHORT,2,SKIP,0.87705,0.88005,0.87505,0.87405,0.87205,1_breakout:✓ SHORT | 2_rsi:✗ RSI 61.2 | 3_macd:✗ MACD no signal | 4_ema:✗ EMA not aligned | 5_momentum:✗ Weak candle | 6_volume:✗ Volume 1.00x | 7_fvg:✗ No FVG | 8_sr:✓ Near S/R
2025-11-26,14:46:37,XAU/USD,SHORT,4,SKIP,4150.00724,4150.01024,4150.00524,4150.00424,4150.00224,1_breakout:✓ SHORT | 2_rsi:✓ RSI 37.1 | 3_macd:✗ MACD no signal | 4_ema:✓ EMA aligned | 5_momentum:✗ Weak candle | 6_volume:✗ Volume 1.00x | 7_fvg:✓ FVG gap | 8_sr:✗ Away S/R
2025-11-26,14:56:00,EUR/USD,LONG,6,Buy Limit,1.15808,1.15508,1.16008,1.16108,1.16308,1_breakout:✓ LONG | 2_rsi:✓ RSI 61.4 | 3_macd:✓ MACD bullish | 4_ema:✗ EMA not aligned | 5_momentum:✓ Strong candle | 6_volume:✗ Volume 1.00x | 7_fvg:✓ FVG gap | 8_sr:✓ Near S/R
2025-11-26,14:56:01,GBP/USD,LONG,2,SKIP,1.31993,1.31693,1.32193,1.32293,1.32493,1_breakout:✓ LONG | 2_rsi:✗ RSI 45.8 | 3_macd:✗ MACD no signal | 4_ema:✓ EMA aligned | 5_momentum:✗ Weak candle | 6_volume:✗ Volume 1.00x | 7_fvg:✗ No FVG | 8_sr:✗ Away S/R
2025-11-26,14:56:03,USD/JPY,LONG,3,SKIP,156.53601,156.53301,156.53801,156.53901,156.54101,1_breakout:✓ LONG | 2_rsi:✗ RSI 42.5 | 3_macd:✗ MACD no signal | 4_ema:✗ EMA not aligned | 5_momentum:✗ Weak candle | 6_volume:✗ Volume 1.00x | 7_fvg:✓ FVG gap | 8_sr:✓ Near S/R
2025-11-26,14:56:04,USD/CAD,SHORT,4,SKIP,1.40811,1.41111,1.40611,1.40511,1.40311,1_breakout:✓ SHORT | 2_rsi:✗ RSI 29.0 | 3_macd:✓ MACD bullish | 4_ema:✗ EMA not aligned | 5_momentum:✓ Strong candle | 6_volume:✗ Volume 1.00x | 7_fvg:✓ FVG gap | 8_sr:✗ Away S/R
2025-11-26,14:56:05,EUR/GBP,SHORT,3,SKIP,0.87739,0.88039,0.87539,0.87439,0.87239,1_breakout:✓ SHORT | 2_rsi:✗ RSI 67.2 | 3_macd:✗ MACD no signal | 4_ema:✗ EMA not aligned | 5_momentum:✓ Strong candle | 6_volume:✗ Volume 1.00x | 7_fvg:✗ No FVG | 8_sr:✓ Near S/R
2025-11-26,14:56:06,XAU/USD,SHORT,3,SKIP,4149.50883,4149.51183,4149.50683,4149.50583,4149.50383,1_breakout:✓ SHORT | 2_rsi:✓ RSI 38.1 | 3_macd:✗ MACD no signal | 4_ema:✓ EMA aligned | 5_momentum:✗ Weak candle | 6_volume:✗ Volume 1.00x | 7_fvg:✗ No FVG | 8_sr:✗ Away S/R
2025-11-26,14:56:41,EUR/USD,LONG,4,SKIP,1.15818,1.15518,1.16018,1.16118,1.16318,1_breakout:✓ LONG | 2_rsi:✗ RSI 79.7 | 3_macd:✓ MACD bullish | 4_ema:✗ EMA not aligned | 5_momentum:✗ Weak candle | 6_volume:✗ Volume 1.00x | 7_fvg:✓ FVG gap | 8_sr:✓ Near S/R
2025-11-26,14:56:42,GBP/USD,LONG,5,Buy Limit,1.32033,1.31733,1.32233,1.32333,1.32533,1_breakout:✓ LONG | 2_rsi:✓ RSI 59.9 | 3_macd:✗ MACD no signal | 4_ema:✓ EMA aligned | 5_momentum:✓ Strong candle | 6_volume:✗ Volume 1.00x | 7_fvg:✗ No FVG | 8_sr:✓ Near S/R
2025-11-26,14:56:44,USD/JPY,LONG,2,SKIP,156.53688,156.53388,156.53888,156.53988,156.54188,1_breakout:✓ LONG | 2_rsi:✗ RSI 30.7 | 3_macd:✗ MACD no signal | 4_ema:✗ EMA not aligned | 5_momentum:✗ Weak candle | 6_volume:✗ Volume 1.00x | 7_fvg:✗ No FVG | 8_sr:✓ Near S/R
2025-11-26,15:39:45,EUR/USD,LONG,4,SKIP,1.15836,1.15536,1.16036,1.16136,1.16336,1_breakout:✓ LONG | 2_rsi:✗ RSI 77.9 | 3_macd:✓ MACD bullish | 4_ema:✓ EMA aligned | 5_momentum:✗ Weak candle | 6_volume:✗ Volume 1.00x | 7_fvg:✓ FVG gap | 8_sr:✗ Away S/R
2025-11-26,15:39:46,GBP/USD,LONG,4,SKIP,1.32094,1.31794,1.32294,1.32394,1.32594,1_breakout:✓ LONG | 2_rsi:✓ RSI 64.0 | 3_macd:✗ MACD no signal | 4_ema:✓ EMA aligned | 5_momentum:✗ Weak candle | 6_volume:✗ Volume 1.00x | 7_fvg:✓ FVG gap | 8_sr:✗ Away S/R
2025-11-26,15:39:48,USD/JPY,LONG,3,SKIP,156.56801,156.56501,156.57001,156.57101,156.57301,1_breakout:✓ LONG | 2_rsi:✗ RSI 36.4 | 3_macd:✗ MACD no signal | 4_ema:✓ EMA aligned | 5_momentum:✗ Weak candle | 6_volume:✗ Volume 1.00x | 7_fvg:✓ FVG gap | 8_sr:✗ Away S/R
2025-11-26,15:39:49,USD/CAD,SHORT,3,SKIP,1.40721,1.41021,1.40521,1.40421,1.40221,1_breakout:✓ SHORT | 2_rsi:✗ RSI 13.9 | 3_macd:✓ MACD bullish | 4_ema:✓ EMA aligned | 5_momentum:✗ Weak candle | 6_volume:✗ Volume 1.00x | 7_fvg:✗ No FVG | 8_sr:✗ Away S/R
2025-11-26,15:39:50,EUR/GBP,SHORT,1,SKIP,0.87691,0.87991,0.87491,0.87391,0.87191,1_breakout:✓ SHORT | 2_rsi:✗ RSI 62.9 | 3_macd:✗ MACD no signal | 4_ema:✗ EMA not aligned | 5_momentum:✗ Weak candle | 6_volume:✗ Volume 1.00x | 7_fvg:✗ No FVG | 8_sr:✗ Away S/R
2025-11-26,15:39:51,XAU/USD,SHORT,3,SKIP,4160.97626,4160.97926,4160.97426,4160.97326,4160.97126,1_breakout:✓ SHORT | 2_rsi:✗ RSI 73.8 | 3_macd:✗ MACD no signal | 4_ema:✗ EMA not aligned | 5_momentum:✓ Strong candle | 6_volume:✗ Volume 1.00x | 7_fvg:✗ No FVG | 8_sr:✓ Near S/R
2025-11-26,15:41:49,EUR/USD,LONG,3,SKIP,1.1585,1.1555,1.1605,1.1615,1.1635,1_breakout:✓ LONG | 2_rsi:✗ RSI 77.0 | 3_macd:✓ MACD bullish | 4_ema:✓ EMA aligned | 5_momentum:✗ Weak candle | 6_volume:✗ Volume 1.00x | 7_fvg:✗ No FVG | 8_sr:✗ Away S/R
2025-11-26,15:41:52,GBP/USD,LONG,2,SKIP,1.32133,1.31833,1.32333,1.32433,1.32633,1_breakout:✓ LONG | 2_rsi:✗ RSI 71.0 | 3_macd:✗ MACD no signal | 4_ema:✓ EMA aligned | 5_momentum:✗ Weak candle | 6_volume:✗ Volume 1.00x | 7_fvg:✗ No FVG | 8_sr:✗ Away S/R
2025-11-26,15:41:55,USD/CAD,SHORT,4,SKIP,1.40716,1.41016,1.40516,1.40416,1.40216,1_breakout:✓ SHORT | 2_rsi:✗ RSI 14.2 | 3_macd:✓ MACD bullish | 4_ema:✓ EMA aligned | 5_momentum:✓ Strong candle | 6_volume:✗ Volume 1.00x | 7_fvg:✗ No FVG | 8_sr:✗ Away S/R
2025-11-26,15:41:56,EUR/GBP,SHORT,3,SKIP,0.87676,0.87976,0.87476,0.87376,0.87176,1_breakout:✓ SHORT | 2_rsi:✗ RSI 51.8 | 3_macd:✗ MACD no signal | 4_ema:✓ EMA aligned | 5_momentum:✓ Strong candle | 6_volume:✗ Volume 1.00x | 7_fvg:✗ No FVG | 8_sr:✗ Away S/R
2025-11-26,15:41:57,XAU/USD,SHORT,3,SKIP,4160.76199,4160.76499,4160.75999,4160.75899,4160.75699,1_breakout:✓ SHORT | 2_rsi:✗ RSI 67.1 | 3_macd:✗ MACD no signal | 4_ema:✗ EMA not aligned | 5_momentum:✗ Weak candle | 6_volume:✗ Volume 1.00x | 7_fvg:✓ FVG gap | 8_sr:✓ Near S/R
2025-11-26,15:42:55,EUR/USD,LONG,4,SKIP,1.15864,1.15564,1.16064,1.16164,1.16364,1_breakout:✓ LONG | 2_rsi:✗ RSI 78.2 | 3_macd:✓ MACD bullish | 4_ema:✓ EMA aligned | 5_momentum:✓ Strong candle | 6_volume:✗ Volume 1.00x | 7_fvg:✗ No FVG | 8_sr:✗ Away S/R
2025-11-26,15:42:56,GBP/USD,LONG,3,SKIP,1.32148,1.31848,1.32348,1.32448,1.32648,1_breakout:✓ LONG | 2_rsi:✗ RSI 71.9 | 3_macd:✗ MACD no signal | 4_ema:✓ EMA aligned | 5_momentum:✓ Strong candle | 6_volume:✗ Volume 1.00x | 7_fvg:✗ No FVG | 8_sr:✗ Away S/R
2025-11-26,15:42:58,USD/CAD,SHORT,4,SKIP,1.4072,1.4102,1.4052,1.4042,1.4022,1_breakout:✓ SHORT | 2_rsi:✗ RSI 15.4 | 3_macd:✓ MACD bullish | 4_ema:✓ EMA aligned | 5_momentum:✓ Strong candle | 6_volume:✗ Volume 1.00x | 7_fvg:✗ No FVG | 8_sr:✗ Away S/R
2025-11-26,15:43:00,EUR/GBP,SHORT,3,SKIP,0.87679,0.87979,0.87479,0.87379,0.87179,1_breakout:✓ SHORT | 2_rsi:✗ RSI 52.4 | 3_macd:✗ MACD no signal | 4_ema:✓ EMA aligned | 5_momentum:✓ Strong candle | 6_volume:✗ Volume 1.00x | 7_fvg:✗ No FVG | 8_sr:✗ Away S/R
2025-11-26,15:43:01,XAU/USD,SHORT,3,SKIP,4160.95193,4160.95493,4160.94993,4160.94893,4160.94693,1_breakout:✓ SHORT | 2_rsi:✗ RSI 67.6 | 3_macd:✗ MACD no signal | 4_ema:✗ EMA not aligned | 5_momentum:✗ Weak candle | 6_volume:✗ Volume 1.00x | 7_fvg:✓ FVG gap | 8_sr:✓ Near S/R
2025-11-26,15:45:33,EUR/USD,LONG,4,SKIP,1.1587,1.1557,1.1607,1.1617,1.1637,1_breakout:✓ LONG | 2_rsi:✗ RSI 78.5 | 3_macd:✓ MACD bullish | 4_ema:✓ EMA aligned | 5_momentum:✓ Strong candle | 6_volume:✗ Volume 1.00x | 7_fvg:✗ No FVG | 8_sr:✗ Away S/R
2025-11-26,15:45:34,GBP/USD,LONG,4,SKIP,1.32175,1.31875,1.32375,1.32475,1.32675,1_breakout:✓ LONG | 2_rsi:✗ RSI 73.3 | 3_macd:✓ MACD bullish | 4_ema:✓ EMA aligned | 5_momentum:✓ Strong candle | 6_volume:✗ Volume 1.00x | 7_fvg:✗ No FVG | 8_sr:✗ Away S/R
2025-11-26,15:45:38,USD/CAD,SHORT,5,Sell Limit,1.40699,1.40999,1.40499,1.40399,1.40199,1_breakout:✓ SHORT | 2_rsi:✗ RSI 13.1 | 3_macd:✓ MACD bullish | 4_ema:✓ EMA aligned | 5_momentum:✓ Strong candle | 6_volume:✗ Volume 1.00x | 7_fvg:✗ No FVG | 8_sr:✓ Near S/R
2025-11-26,15:45:40,EUR/GBP,SHORT,4,SKIP,0.87665,0.87965,0.87465,0.87365,0.87165,1_breakout:✓ SHORT | 2_rsi:✓ RSI 49.8 | 3_macd:✗ MACD no signal | 4_ema:✓ EMA aligned | 5_momentum:✓ Strong candle | 6_volume:✗ Volume 1.00x | 7_fvg:✗ No FVG | 8_sr:✗ Away S/R
2025-11-26,15:45:41,XAU/USD,SHORT,3,SKIP,4160.42723,4160.43023,4160.42523,4160.42423,4160.42223,1_breakout:✓ SHORT | 2_rsi:✗ RSI 66.3 | 3_macd:✗ MACD no signal | 4_ema:✗ EMA not aligned | 5_momentum:✗ Weak candle | 6_volume:✗ Volume 1.00x | 7_fvg:✓ FVG gap | 8_sr:✓ Near S/R
2025-11-26,15:46:51,EUR/USD,LONG,3,SKIP,1.15859,1.15559,1.16059,1.16159,1.16359,1_breakout:✓ LONG | 2_rsi:✗ RSI 71.2 | 3_macd:✓ MACD bullish | 4_ema:✓ EMA aligned | 5_momentum:✗ Weak candle | 6_volume:✗ Volume 1.00x | 7_fvg:✗ No FVG | 8_sr:✗ Away S/R
2025-11-26,15:46:52,GBP/USD,LONG,4,SKIP,1.32166,1.31866,1.32366,1.32466,1.32666,1_breakout:✓ LONG | 2_rsi:✗ RSI 71.5 | 3_macd:✓ MACD bullish | 4_ema:✓ EMA aligned | 5_momentum:✗ Weak candle | 6_volume:✗ Volume 1.00x | 7_fvg:✓ FVG gap | 8_sr:✗ Away S/R
2025-11-26,15:46:54,USD/JPY,LONG,2,SKIP,156.5286,156.5256,156.5306,156.5316,156.5336,1_breakout:✓ LONG | 2_rsi:✗ RSI 37.7 | 3_macd:✗ MACD no signal | 4_ema:✗ EMA not aligned | 5_momentum:✗ Weak candle | 6_volume:✗ Volume 1.00x | 7_fvg:✓ FVG gap | 8_sr:✗ Away S/R
2025-11-26,15:46:55,USD/CAD,SHORT,5,Sell Limit,1.40674,1.40974,1.40474,1.40374,1.40174,1_breakout:✓ SHORT | 2_rsi:✗ RSI 12.4 | 3_macd:✓ MACD bullish | 4_ema:✓ EMA aligned | 5_momentum:✗ Weak candle | 6_volume:✗ Volume 1.00x | 7_fvg:✓ FVG gap | 8_sr:✓ Near S/R
2025-11-26,15:46:56,EUR/GBP,SHORT,4,SKIP,0.87662,0.87962,0.87462,0.87362,0.87162,1_breakout:✓ SHORT | 2_rsi:✓ RSI 37.8 | 3_macd:✗ MACD no signal | 4_ema:✓ EMA aligned | 5_momentum:✗ Weak candle | 6_volume:✗ Volume 1.00x | 7_fvg:✓ FVG gap | 8_sr:✗ Away S/R
2025-11-26,15:48:19,EUR/USD,LONG,3,SKIP,1.15866,1.15566,1.16066,1.16166,1.16366,1_breakout:✓ LONG | 2_rsi:✗ RSI 72.8 | 3_macd:✓ MACD bullish | 4_ema:✓ EMA aligned | 5_momentum:✗ Weak candle | 6_volume:✗ Volume 1.00x | 7_fvg:✗ No FVG | 8_sr:✗ Away S/R
2025-11-26,15:48:20,GBP/USD,LONG,4,SKIP,1.32161,1.31861,1.32361,1.32461,1.32661,1_breakout:✓ LONG | 2_rsi:✗ RSI 70.9 | 3_macd:✓ MACD bullish | 4_ema:✓ EMA aligned | 5_momentum:✗ Weak candle | 6_volume:✗ Volume 1.00x | 7_fvg:✓ FVG gap | 8_sr:✗ Away S/R
2025-11-26,15:48:21,USD/JPY,LONG,2,SKIP,156.53845,156.53545,156.54045,156.54145,156.54345,1_breakout:✓ LONG | 2_rsi:✗ RSI 38.9 | 3_macd:✗ MACD no signal | 4_ema:✗ EMA not aligned | 5_momentum:✗ Weak candle | 6_volume:✗ Volume 1.00x | 7_fvg:✓ FVG gap | 8_sr:✗ Away S/R
2025-11-26,15:48:24,USD/CAD,SHORT,5,Sell Limit,1.40687,1.40987,1.40487,1.40387,1.40187,1_breakout:✓ SHORT | 2_rsi:✗ RSI 14.6 | 3_macd:✓ MACD bullish | 4_ema:✓ EMA aligned | 5_momentum:✗ Weak candle | 6_volume:✗ Volume 1.00x | 7_fvg:✓ FVG gap | 8_sr:✓ Near S/R
2025-11-26,15:48:25,EUR/GBP,SHORT,4,SKIP,0.87669,0.87969,0.87469,0.87369,0.87169,1_breakout:✓ SHORT | 2_rsi:✓ RSI 39.6 | 3_macd:✗ MACD no signal | 4_ema:✓ EMA aligned | 5_momentum:✗ Weak candle | 6_volume:✗ Volume 1.00x | 7_fvg:✓ FVG gap | 8_sr:✗ Away S/R
2025-11-26,15:48:26,XAU/USD,SHORT,3,SKIP,4162.92353,4162.92653,4162.92153,4162.92053,4162.91853,1_breakout:✓ SHORT | 2_rsi:✗ RSI 70.2 | 3_macd:✗ MACD no signal | 4_ema:✗ EMA not aligned | 5_momentum:✓ Strong candle | 6_volume:✗ Volume 1.00x | 7_fvg:✗ No FVG | 8_sr:✓ Near S/R
2025-11-27,14:45:28,EUR/USD,LONG,3,SKIP,1.15922,1.15622,1.16122,1.16222,1.16422,1_breakout:✓ LONG | 2_rsi:✗ RSI 45.5 | 3_macd:✗ MACD no signal | 4_ema:✓ EMA aligned | 5_momentum:✗ Weak candle | 6_volume:✗ Volume 1.00x | 7_fvg:✗ No FVG | 8_sr:✓ Near S/R
2025-11-27,14:45:29,GBP/USD,LONG,2,SKIP,1.3233,1.3203,1.3253,1.3263,1.3283,1_breakout:✓ LONG | 2_rsi:✗ RSI 19.6 | 3_macd:✗ MACD no signal | 4_ema:✗ EMA not aligned | 5_momentum:✗ Weak candle | 6_volume:✗ Volume 1.00x | 7_fvg:✗ No FVG | 8_sr:✓ Near S/R
2025-11-27,14:45:30,USD/JPY,LONG,5,Buy Limit,156.35401,156.35101,156.35601,156.35701,156.35901,1_breakout:✓ LONG | 2_rsi:✓ RSI 62.9 | 3_macd:✓ MACD bullish | 4_ema:✓ EMA aligned | 5_momentum:✗ Weak candle | 6_volume:✗ Volume 1.00x | 7_fvg:✗ No FVG | 8_sr:✓ Near S/R
2025-11-27,14:45:31,USD/CAD,SHORT,3,SKIP,1.40434,1.40734,1.40234,1.40134,1.39934,1_breakout:✓ SHORT | 2_rsi:✗ RSI 57.5 | 3_macd:✗ MACD no signal | 4_ema:✓ EMA aligned | 5_momentum:✓ Strong candle | 6_volume:✗ Volume 1.00x | 7_fvg:✗ No FVG | 8_sr:✗ Away S/R
2025-11-27,14:45:33,XAU/USD,LONG,4,SKIP,4156.17986,4156.17686,4156.18186,4156.18286,4156.18486,1_breakout:✓ LONG | 2_rsi:✓ RSI 52.6 | 3_macd:✓ MACD bullish | 4_ema:✗ EMA not aligned | 5_momentum:✓ Strong candle | 6_volume:✗ Volume 1.00x | 7_fvg:✗ No FVG | 8_sr:✗ Away S/R
2025-11-27,14:54:50,EUR/USD,LONG,6,Buy Limit,1.15974,1.15674,1.16174,1.16274,1.16474,1_breakout:✓ LONG | 2_rsi:✓ RSI 66.0 | 3_macd:✓ MACD bullish | 4_ema:✓ EMA aligned | 5_momentum:✗ Weak candle | 6_volume:✗ Volume 1.00x | 7_fvg:✓ FVG gap | 8_sr:✓ Near S/R
2025-11-27,14:54:51,GBP/USD,LONG,2,SKIP,1.32362,1.32062,1.32562,1.32662,1.32862,1_breakout:✓ LONG | 2_rsi:✗ RSI 37.7 | 3_macd:✗ MACD no signal | 4_ema:✗ EMA not aligned | 5_momentum:✗ Weak candle | 6_volume:✗ Volume 1.00x | 7_fvg:✓ FVG gap | 8_sr:✗ Away S/R
2025-11-27,14:54:52,USD/JPY,LONG,5,Buy Limit,156.33343,156.33043,156.33543,156.33643,156.33843,1_breakout:✓ LONG | 2_rsi:✓ RSI 51.3 | 3_macd:✓ MACD bullish | 4_ema:✓ EMA aligned | 5_momentum:✗ Weak candle | 6_volume:✗ Volume 1.00x | 7_fvg:✓ FVG gap | 8_sr:✗ Away S/R
2025-11-27,14:54:53,USD/CAD,SHORT,6,Sell Limit,1.40399,1.40699,1.40199,1.40099,1.39899,1_breakout:✓ SHORT | 2_rsi:✓ RSI 31.0 | 3_macd:✓ MACD bullish | 4_ema:✓ EMA aligned | 5_momentum:✗ Weak candle | 6_volume:✗ Volume 1.00x | 7_fvg:✓ FVG gap | 8_sr:✓ Near S/R
2025-11-27,14:54:54,EUR/GBP,LONG,5,Buy Limit,0.87619,0.87319,0.87819,0.87919,0.88119,1_breakout:✓ LONG | 2_rsi:✗ RSI 79.7 | 3_macd:✓ MACD bullish | 4_ema:✓ EMA aligned | 5_momentum:✓ Strong candle | 6_volume:✗ Volume 1.00x | 7_fvg:✗ No FVG | 8_sr:✓ Near S/R
2025-11-27,14:55:47,EUR/USD,LONG,5,Buy Limit,1.15961,1.15661,1.16161,1.16261,1.16461,1_breakout:✓ LONG | 2_rsi:✓ RSI 64.0 | 3_macd:✗ MACD no signal | 4_ema:✓ EMA aligned | 5_momentum:✗ Weak candle | 6_volume:✗ Volume 1.00x | 7_fvg:✓ FVG gap | 8_sr:✓ Near S/R
2025-11-27,14:55:48,GBP/USD,LONG,2,SKIP,1.32344,1.32044,1.32544,1.32644,1.32844,1_breakout:✓ LONG | 2_rsi:✗ RSI 33.6 | 3_macd:✗ MACD no signal | 4_ema:✗ EMA not aligned | 5_momentum:✗ Weak candle | 6_volume:✗ Volume 1.00x | 7_fvg:✓ FVG gap | 8_sr:✗ Away S/R
2025-11-27,14:55:49,USD/JPY,LONG,5,Buy Limit,156.34767,156.34467,156.34967,156.35067,156.35267,1_breakout:✓ LONG | 2_rsi:✓ RSI 54.2 | 3_macd:✓ MACD bullish | 4_ema:✓ EMA aligned | 5_momentum:✗ Weak candle | 6_volume:✗ Volume 1.00x | 7_fvg:✗ No FVG | 8_sr:✓ Near S/R
2025-11-27,14:55:50,USD/CAD,SHORT,6,Sell Limit,1.40399,1.40699,1.40199,1.40099,1.39899,1_breakout:✓ SHORT | 2_rsi:✓ RSI 31.0 | 3_macd:✓ MACD bullish | 4_ema:✓ EMA aligned | 5_momentum:✗ Weak candle | 6_volume:✗ Volume 1.00x | 7_fvg:✓ FVG gap | 8_sr:✓ Near S/R
2025-11-27,14:55:51,EUR/GBP,LONG,5,Buy Limit,0.87621,0.87321,0.87821,0.87921,0.88121,1_breakout:✓ LONG | 2_rsi:✗ RSI 80.0 | 3_macd:✓ MACD bullish | 4_ema:✓ EMA aligned | 5_momentum:✓ Strong candle | 6_volume:✗ Volume 1.00x | 7_fvg:✗ No FVG | 8_sr:✓ Near S/R
2025-11-27,14:56:41,EUR/USD,LONG,3,SKIP,1.1596,1.1566,1.1616,1.1626,1.1646,1_breakout:✓ LONG | 2_rsi:✓ RSI 62.2 | 3_macd:✗ MACD no signal | 4_ema:✓ EMA aligned | 5_momentum:✗ Weak candle | 6_volume:✗ Volume 1.00x | 7_fvg:✗ No FVG | 8_sr:✗ Away S/R
2025-11-27,14:56:42,GBP/USD,LONG,1,SKIP,1.32349,1.32049,1.32549,1.32649,1.32849,1_breakout:✓ LONG | 2_rsi:✗ RSI 35.8 | 3_macd:✗ MACD no signal | 4_ema:✗ EMA not aligned | 5_momentum:✗ Weak candle | 6_volume:✗ Volume 1.00x | 7_fvg:✗ No FVG | 8_sr:✗ Away S/R
2025-11-27,14:56:43,USD/JPY,LONG,4,SKIP,156.34185,156.33885,156.34385,156.34485,156.34685,1_breakout:✓ LONG | 2_rsi:✓ RSI 53.6 | 3_macd:✓ MACD bullish | 4_ema:✓ EMA aligned | 5_momentum:✗ Weak candle | 6_volume:✗ Volume 1.00x | 7_fvg:✗ No FVG | 8_sr:✗ Away S/R
2025-11-27,14:56:44,USD/CAD,SHORT,6,Sell Limit,1.40402,1.40702,1.40202,1.40102,1.39902,1_breakout:✓ SHORT | 2_rsi:✓ RSI 33.6 | 3_macd:✓ MACD bullish | 4_ema:✓ EMA aligned | 5_momentum:✓ Strong candle | 6_volume:✗ Volume 1.00x | 7_fvg:✗ No FVG | 8_sr:✓ Near S/R
2025-11-27,14:56:45,EUR/GBP,LONG,5,Buy Limit,0.87618,0.87318,0.87818,0.87918,0.88118,1_breakout:✓ LONG | 2_rsi:✗ RSI 77.3 | 3_macd:✓ MACD bullish | 4_ema:✓ EMA aligned | 5_momentum:✗ Weak candle | 6_volume:✗ Volume 1.00x | 7_fvg:✓ FVG gap | 8_sr:✓ Near S/R
2025-11-27,15:38:06,EUR/USD,LONG,4,SKIP,1.15952,1.15652,1.16152,1.16252,1.16452,1_breakout:✓ LONG | 2_rsi:✓ RSI 59.2 | 3_macd:✗ MACD no signal | 4_ema:✗ EMA not aligned | 5_momentum:✗ Weak candle | 6_volume:✗ Volume 1.00x | 7_fvg:✓ FVG gap | 8_sr:✓ Near S/R
2025-11-27,15:38:07,GBP/USD,LONG,4,SKIP,1.32435,1.32135,1.32635,1.32735,1.32935,1_breakout:✓ LONG | 2_rsi:✗ RSI 72.8 | 3_macd:✓ MACD bullish | 4_ema:✓ EMA aligned | 5_momentum:✓ Strong candle | 6_volume:✗ Volume 1.00x | 7_fvg:✗ No FVG | 8_sr:✗ Away S/R
2025-11-27,15:38:09,USD/CAD,SHORT,4,SKIP,1.40325,1.40625,1.40125,1.40025,1.39825,1_breakout:✓ SHORT | 2_rsi:✗ RSI 21.5 | 3_macd:✓ MACD bullish | 4_ema:✓ EMA aligned | 5_momentum:✗ Weak candle | 6_volume:✗ Volume 1.00x | 7_fvg:✓ FVG gap | 8_sr:✗ Away S/R
2025-11-27,15:38:10,EUR/GBP,SHORT,4,SKIP,0.87554,0.87854,0.87354,0.87254,0.87054,1_breakout:✓ SHORT | 2_rsi:✓ RSI 35.7 | 3_macd:✓ MACD bullish | 4_ema:✗ EMA not aligned | 5_momentum:✗ Weak candle | 6_volume:✗ Volume 1.00x | 7_fvg:✗ No FVG | 8_sr:✓ Near S/R
2025-11-27,15:40:38,EUR/USD,LONG,5,Buy Limit,1.15945,1.15645,1.16145,1.16245,1.16445,1_breakout:✓ LONG | 2_rsi:✓ RSI 56.8 | 3_macd:✗ MACD no signal | 4_ema:✗ EMA not aligned | 5_momentum:✓ Strong candle | 6_volume:✗ Volume 1.00x | 7_fvg:✓ FVG gap | 8_sr:✓ Near S/R
2025-11-27,15:40:39,GBP/USD,LONG,4,SKIP,1.32428,1.32128,1.32628,1.32728,1.32928,1_breakout:✓ LONG | 2_rsi:✗ RSI 70.5 | 3_macd:✓ MACD bullish | 4_ema:✓ EMA aligned | 5_momentum:✓ Strong candle | 6_volume:✗ Volume 1.00x | 7_fvg:✗ No FVG | 8_sr:✗ Away S/R
2025-11-27,15:40:41,USD/CAD,SHORT,4,SKIP,1.40322,1.40622,1.40122,1.40022,1.39822,1_breakout:✓ SHORT | 2_rsi:✗ RSI 20.5 | 3_macd:✓ MACD bullish | 4_ema:✓ EMA aligned | 5_momentum:✗ Weak candle | 6_volume:✗ Volume 1.00x | 7_fvg:✓ FVG gap | 8_sr:✗ Away S/R
2025-11-27,15:40:42,EUR/GBP,SHORT,4,SKIP,0.87555,0.87855,0.87355,0.87255,0.87055,1_breakout:✓ SHORT | 2_rsi:✓ RSI 36.0 | 3_macd:✓ MACD bullish | 4_ema:✗ EMA not aligned | 5_momentum:✗ Weak candle | 6_volume:✗ Volume 1.00x | 7_fvg:✗ No FVG | 8_sr:✓ Near S/R
2025-11-27,15:43:20,EUR/USD,LONG,4,SKIP,1.15932,1.15632,1.16132,1.16232,1.16432,1_breakout:✓ LONG | 2_rsi:✓ RSI 54.3 | 3_macd:✗ MACD no signal | 4_ema:✗ EMA not aligned | 5_momentum:✗ Weak candle | 6_volume:✗ Volume 1.00x | 7_fvg:✓ FVG gap | 8_sr:✓ Near S/R
2025-11-27,15:43:21,GBP/USD,LONG,4,SKIP,1.32435,1.32135,1.32635,1.32735,1.32935,1_breakout:✓ LONG | 2_rsi:✗ RSI 74.7 | 3_macd:✓ MACD bullish | 4_ema:✓ EMA aligned | 5_momentum:✗ Weak candle | 6_volume:✗ Volume 1.00x | 7_fvg:✓ FVG gap | 8_sr:✗ Away S/R
2025-11-27,15:43:23,USD/CAD,SHORT,4,SKIP,1.40335,1.40635,1.40135,1.40035,1.39835,1_breakout:✓ SHORT | 2_rsi:✗ RSI 20.9 | 3_macd:✓ MACD bullish | 4_ema:✓ EMA aligned | 5_momentum:✓ Strong candle | 6_volume:✗ Volume 1.00x | 7_fvg:✗ No FVG | 8_sr:✗ Away S/R
2025-11-27,15:43:25,EUR/GBP,SHORT,5,Sell Limit,0.87539,0.87839,0.87339,0.87239,0.87039,1_breakout:✓ SHORT | 2_rsi:✓ RSI 30.5 | 3_macd:✓ MACD bullish | 4_ema:✗ EMA not aligned | 5_momentum:✓ Strong candle | 6_volume:✗ Volume 1.00x | 7_fvg:✗ No FVG | 8_sr:✓ Near S/R
2025-11-27,15:44:30,EUR/USD,LONG,4,SKIP,1.15937,1.15637,1.16137,1.16237,1.16437,1_breakout:✓ LONG | 2_rsi:✓ RSI 55.9 | 3_macd:✗ MACD no signal | 4_ema:✗ EMA not aligned | 5_momentum:✗ Weak candle | 6_volume:✗ Volume 1.00x | 7_fvg:✓ FVG gap | 8_sr:✓ Near S/R
2025-11-27,15:44:31,GBP/USD,LONG,5,Buy Limit,1.32445,1.32145,1.32645,1.32745,1.32945,1_breakout:✓ LONG | 2_rsi:✗ RSI 75.8 | 3_macd:✓ MACD bullish | 4_ema:✓ EMA aligned | 5_momentum:✗ Weak candle | 6_volume:✗ Volume 1.00x | 7_fvg:✓ FVG gap | 8_sr:✓ Near S/R
2025-11-27,15:44:34,USD/CAD,SHORT,4,SKIP,1.40333,1.40633,1.40133,1.40033,1.39833,1_breakout:✓ SHORT | 2_rsi:✗ RSI 20.1 | 3_macd:✓ MACD bullish | 4_ema:✓ EMA aligned | 5_momentum:✓ Strong candle | 6_volume:✗ Volume 1.00x | 7_fvg:✗ No FVG | 8_sr:✗ Away S/R
2025-11-27,15:44:35,EUR/GBP,SHORT,5,Sell Limit,0.87537,0.87837,0.87337,0.87237,0.87037,1_breakout:✓ SHORT | 2_rsi:✓ RSI 30.1 | 3_macd:✓ MACD bullish | 4_ema:✗ EMA not aligned | 5_momentum:✓ Strong candle | 6_volume:✗ Volume 1.00x | 7_fvg:✗ No FVG | 8_sr:✓ Near S/R
2025-11-27,15:45:21,EUR/USD,LONG,4,SKIP,1.15946,1.15646,1.16146,1.16246,1.16446,1_breakout:✓ LONG | 2_rsi:✓ RSI 58.7 | 3_macd:✗ MACD no signal | 4_ema:✗ EMA not aligned | 5_momentum:✗ Weak candle | 6_volume:✗ Volume 1.00x | 7_fvg:✓ FVG gap | 8_sr:✓ Near S/R
2025-11-27,15:45:22,GBP/USD,LONG,5,Buy Limit,1.32447,1.32147,1.32647,1.32747,1.32947,1_breakout:✓ LONG | 2_rsi:✗ RSI 76.0 | 3_macd:✓ MACD bullish | 4_ema:✓ EMA aligned | 5_momentum:✗ Weak candle | 6_volume:✗ Volume 1.00x | 7_fvg:✓ FVG gap | 8_sr:✓ Near S/R
2025-11-27,15:45:24,USD/CAD,SHORT,4,SKIP,1.40322,1.40622,1.40122,1.40022,1.39822,1_breakout:✓ SHORT | 2_rsi:✗ RSI 15.2 | 3_macd:✓ MACD bullish | 4_ema:✓ EMA aligned | 5_momentum:✓ Strong candle | 6_volume:✗ Volume 1.00x | 7_fvg:✗ No FVG | 8_sr:✗ Away S/R
2025-11-27,15:45:26,EUR/GBP,SHORT,5,Sell Limit,0.87542,0.87842,0.87342,0.87242,0.87042,1_breakout:✓ SHORT | 2_rsi:✓ RSI 31.1 | 3_macd:✓ MACD bullish | 4_ema:✗ EMA not aligned | 5_momentum:✓ Strong candle | 6_volume:✗ Volume 1.00x | 7_fvg:✗ No FVG | 8_sr:✓ Near S/R
2025-11-27,15:47:44,EUR/USD,LONG,4,SKIP,1.15966,1.15666,1.16166,1.16266,1.16466,1_breakout:✓ LONG | 2_rsi:✓ RSI 57.5 | 3_macd:✗ MACD no signal | 4_ema:✓ EMA aligned | 5_momentum:✓ Strong candle | 6_volume:✗ Volume 1.00x | 7_fvg:✗ No FVG | 8_sr:✗ Away S/R
2025-11-27,15:47:45,GBP/USD,LONG,4,SKIP,1.32466,1.32166,1.32666,1.32766,1.32966,1_breakout:✓ LONG | 2_rsi:✗ RSI 77.5 | 3_macd:✓ MACD bullish | 4_ema:✓ EMA aligned | 5_momentum:✗ Weak candle | 6_volume:✗ Volume 1.00x | 7_fvg:✗ No FVG | 8_sr:✓ Near S/R
2025-11-27,15:47:46,USD/JPY,SHORT,6,Sell Limit,156.27428,156.27728,156.27228,156.27128,156.26928,1_breakout:✓ SHORT | 2_rsi:✓ RSI 30.0 | 3_macd:✓ MACD bullish | 4_ema:✓ EMA aligned | 5_momentum:✓ Strong candle | 6_volume:✗ Volume 1.00x | 7_fvg:✗ No FVG | 8_sr:✓ Near S/R
2025-11-27,15:47:47,USD/CAD,SHORT,3,SKIP,1.40319,1.40619,1.40119,1.40019,1.39819,1_breakout:✓ SHORT | 2_rsi:✗ RSI 14.4 | 3_macd:✓ MACD bullish | 4_ema:✓ EMA aligned | 5_momentum:✗ Weak candle | 6_volume:✗ Volume 1.00x | 7_fvg:✗ No FVG | 8_sr:✗ Away S/R
2025-11-27,15:47:48,EUR/GBP,SHORT,4,SKIP,0.87545,0.87845,0.87345,0.87245,0.87045,1_breakout:✓ SHORT | 2_rsi:✗ RSI 23.9 | 3_macd:✓ MACD bullish | 4_ema:✗ EMA not aligned | 5_momentum:✗ Weak candle | 6_volume:✗ Volume 1.00x | 7_fvg:✓ FVG gap | 8_sr:✓ Near S/R
2025-11-27,22:43:08,EUR/USD,LONG,2,SKIP,1.16,1.154,1.166,1.172,1.178,1_breakout:✓ LONG | 2_rsi:✗ RSI 47.7 | 3_macd:✗ MACD no signal | 4_ema:✓ EMA aligned | 5_momentum:✗ Weak candle | 6_volume:✗ Volume 1.00x | 7_fvg:✗ No FVG | 8_sr:✗ Away S/R
2025-11-27,22:43:09,GBP/USD,LONG,4,SKIP,1.324,1.317,1.331,1.338,1.345,1_breakout:✓ LONG | 2_rsi:✗ RSI 43.7 | 3_macd:✓ MACD bullish | 4_ema:✓ EMA aligned | 5_momentum:✓ Strong candle | 6_volume:✗ Volume 1.00x | 7_fvg:✗ No FVG | 8_sr:✗ Away S/R
2025-11-27,22:43:11,USD/JPY,SHORT,3,SKIP,156.297,157.078,155.516,154.735,153.954,1_breakout:✓ SHORT | 2_rsi:✗ RSI 50.3 | 3_macd:✗ MACD no signal | 4_ema:✓ EMA aligned | 5_momentum:✗ Weak candle | 6_volume:✗ Volume 1.00x | 7_fvg:✓ FVG gap | 8_sr:✗ Away S/R
2025-11-27,22:43:13,EUR/GBP,LONG,2,SKIP,0.876,0.872,0.88,0.884,0.888,1_breakout:✓ LONG | 2_rsi:✓ RSI 53.6 | 3_macd:✗ MACD no signal | 4_ema:✗ EMA not aligned | 5_momentum:✗ Weak candle | 6_volume:✗ Volume 1.00x | 7_fvg:✗ No FVG | 8_sr:✗ Away S/R
2025-11-27,22:43:14,XAU/USD,LONG,3,SKIP,4157.776,4136.987,4178.565,4199.354,4220.143,1_breakout:✓ LONG | 2_rsi:✗ RSI 42.7 | 3_macd:✗ MACD no signal | 4_ema:✗ EMA not aligned | 5_momentum:✓ Strong candle | 6_volume:✗ Volume 1.00x | 7_fvg:✗ No FVG | 8_sr:✓ Near S/R
2025-11-27,22:47:02,EUR/USD,LONG,3,SKIP,1.16,1.154,1.166,1.172,1.178,1_breakout:✓ LONG | 2_rsi:✗ RSI 49.3 | 3_macd:✗ MACD no signal | 4_ema:✓ EMA aligned | 5_momentum:✓ Strong candle | 6_volume:✗ Volume 1.00x | 7_fvg:✗ No FVG | 8_sr:✗ Away S/R
2025-11-27,22:47:04,USD/JPY,SHORT,2,SKIP,156.298,157.079,155.517,154.736,153.955,1_breakout:✓ SHORT | 2_rsi:✗ RSI 51.5 | 3_macd:✗ MACD no signal | 4_ema:✓ EMA aligned | 5_momentum:✗ Weak candle | 6_volume:✗ Volume 1.00x | 7_fvg:✗ No FVG | 8_sr:✗ Away S/R
2025-11-27,22:47:06,EUR/GBP,LONG,5,Buy Limit,0.876,0.872,0.88,0.884,0.888,1_breakout:✓ LONG | 2_rsi:✓ RSI 58.5 | 3_macd:✓ MACD bullish | 4_ema:✓ EMA aligned | 5_momentum:✗ Weak candle | 6_volume:✗ Volume 1.00x | 7_fvg:✓ FVG gap | 8_sr:✗ Away S/R
2025-11-27,22:54:51,EUR/USD,LONG,1,SKIP,1.1597,1.1539,1.1655,1.1713,1.1771,1_breakout:✓ LONG | 2_rsi:✗ RSI 48.6 | 3_macd:✗ MACD no signal | 4_ema:✗ EMA not aligned | 5_momentum:✗ Weak candle | 6_volume:✗ Volume 1.00x | 7_fvg:✗ No FVG | 8_sr:✗ Away S/R
2025-11-27,22:54:53,USD/JPY,SHORT,5,Sell Limit,156.2889,157.0703,155.5075,154.7261,153.9447,1_breakout:✓ SHORT | 2_rsi:✓ RSI 49.2 | 3_macd:✗ MACD no signal | 4_ema:✓ EMA aligned | 5_momentum:✓ Strong candle | 6_volume:✗ Volume 1.00x | 7_fvg:✗ No FVG | 8_sr:✓ Near S/R
2025-11-27,22:54:56,EUR/GBP,LONG,4,SKIP,0.8761,0.8717,0.8805,0.8849,0.8893,1_breakout:✓ LONG | 2_rsi:✓ RSI 60.8 | 3_macd:✓ MACD bullish | 4_ema:✓ EMA aligned | 5_momentum:✗ Weak candle | 6_volume:✗ Volume 1.00x | 7_fvg:✗ No FVG | 8_sr:✗ Away S/R
2025-11-28,14:47:00,EUR/USD,LONG,3,SKIP,1.1575,1.1517,1.1633,1.1691,1.1749,1_breakout:✓ LONG | 2_rsi:✓ RSI 59.7 | 3_macd:✗ MACD no signal | 4_ema:✓ EMA aligned | 5_momentum:✗ Weak candle | 6_volume:✗ Volume 1.00x | 7_fvg:✗ No FVG | 8_sr:✗ Away S/R
2025-11-28,14:47:03,GBP/USD,LONG,3,SKIP,1.3222,1.3156,1.3288,1.3354,1.342,1_breakout:✓ LONG | 2_rsi:✓ RSI 54.2 | 3_macd:✗ MACD no signal | 4_ema:✓ EMA aligned | 5_momentum:✗ Weak candle | 6_volume:✗ Volume 1.00x | 7_fvg:✗ No FVG | 8_sr:✗ Away S/R
2025-11-28,14:47:04,USD/JPY,LONG,4,SKIP,156.3574,155.5756,157.1392,157.921,158.7028,1_breakout:✓ LONG | 2_rsi:✓ RSI 69.7 | 3_macd:✓ MACD bullish | 4_ema:✗ EMA not aligned | 5_momentum:✗ Weak candle | 6_volume:✗ Volume 1.00x | 7_fvg:✗ No FVG | 8_sr:✓ Near S/R
2025-11-28,14:47:05,USD/CAD,SHORT,3,SKIP,1.3986,1.4056,1.3916,1.3846,1.3776,1_breakout:✓ SHORT | 2_rsi:✗ RSI 11.7 | 3_macd:✗ MACD no signal | 4_ema:✓ EMA aligned | 5_momentum:✓ Strong candle | 6_volume:✗ Volume 1.00x | 7_fvg:✗ No FVG | 8_sr:✗ Away S/R
2025-11-28,14:47:07,XAU/USD,LONG,4,SKIP,4198.78,4177.7861,4219.7739,4240.7678,4261.7617,1_breakout:✓ LONG | 2_rsi:✗ RSI 80.2 | 3_macd:✓ MACD bullish | 4_ema:✓ EMA aligned | 5_momentum:✓ Strong candle | 6_volume:✗ Volume 1.00x | 7_fvg:✗ No FVG | 8_sr:✗ Away S/R
2025-11-28,14:47:32,EUR/USD,LONG,3,SKIP,1.1576,1.1518,1.1634,1.1692,1.175,1_breakout:✓ LONG | 2_rsi:✓ RSI 60.5 | 3_macd:✗ MACD no signal | 4_ema:✓ EMA aligned | 5_momentum:✗ Weak candle | 6_volume:✗ Volume 1.00x | 7_fvg:✗ No FVG | 8_sr:✗ Away S/R
2025-11-28,14:47:33,GBP/USD,LONG,3,SKIP,1.3224,1.3158,1.329,1.3356,1.3422,1_breakout:✓ LONG | 2_rsi:✓ RSI 57.3 | 3_macd:✗ MACD no signal | 4_ema:✓ EMA aligned | 5_momentum:✗ Weak candle | 6_volume:✗ Volume 1.00x | 7_fvg:✗ No FVG | 8_sr:✗ Away S/R
2025-11-28,14:52:05,EUR/USD,LONG,3,SKIP,1.1576,1.1518,1.1634,1.1692,1.175,1_breakout:✓ LONG | 2_rsi:✓ RSI 57.3 | 3_macd:✗ MACD no signal | 4_ema:✓ EMA aligned | 5_momentum:✗ Weak candle | 6_volume:✗ Volume 1.00x | 7_fvg:✗ No FVG | 8_sr:✗ Away S/R
2025-11-28,14:52:07,GBP/USD,LONG,3,SKIP,1.3222,1.3156,1.3288,1.3355,1.342,1_breakout:✓ LONG | 2_rsi:✗ RSI 49.8 | 3_macd:✗ MACD no signal | 4_ema:✓ EMA aligned | 5_momentum:✗ Weak candle | 6_volume:✗ Volume 1.00x | 7_fvg:✓ FVG gap | 8_sr:✗ Away S/R
2025-11-28,14:52:08,USD/JPY,LONG,6,Buy Limit,156.3623,155.5805,157.1441,157.9259,158.7077,1_breakout:✓ LONG | 2_rsi:✓ RSI 68.9 | 3_macd:✓ MACD bullish | 4_ema:✓ EMA aligned | 5_momentum:✗ Weak candle | 6_volume:✗ Volume 1.00x | 7_fvg:✓ FVG gap | 8_sr:✓ Near S/R
2025-11-28,14:52:09,USD/CAD,SHORT,3,SKIP,1.3988,1.4058,1.3918,1.3848,1.3778,1_breakout:✓ SHORT | 2_rsi:✗ RSI 18.7 | 3_macd:✗ MACD no signal | 4_ema:✓ EMA aligned | 5_momentum:✗ Weak candle | 6_volume:✗ Volume 1.00x | 7_fvg:✓ FVG gap | 8_sr:✗ Away S/R
2025-11-28,14:52:11,XAU/USD,LONG,4,SKIP,4197.2199,4176.2338,4218.206,4239.1921,4260.1782,1_breakout:✓ LONG | 2_rsi:✗ RSI 80.8 | 3_macd:✓ MACD bullish | 4_ema:✓ EMA aligned | 5_momentum:✗ Weak candle | 6_volume:✗ Volume 1.00x | 7_fvg:✓ FVG gap | 8_sr:✗ Away S/R
2025-11-28,14:56:15,EUR/USD,LONG,5,Buy Limit,1.158,1.1522,1.1638,1.1696,1.1754,1_breakout:✓ LONG | 2_rsi:✓ RSI 64.0 | 3_macd:✗ MACD no signal | 4_ema:✓ EMA aligned | 5_momentum:✓ Strong candle | 6_volume:✗ Volume 1.00x | 7_fvg:✗ No FVG | 8_sr:✓ Near S/R
2025-11-28,14:56:16,GBP/USD,LONG,5,Buy Limit,1.3228,1.3162,1.3294,1.336,1.3426,1_breakout:✓ LONG | 2_rsi:✓ RSI 58.0 | 3_macd:✗ MACD no signal | 4_ema:✓ EMA aligned | 5_momentum:✓ Strong candle | 6_volume:✗ Volume 1.00x | 7_fvg:✗ No FVG | 8_sr:✓ Near S/R
2025-11-28,14:56:18,USD/CAD,SHORT,3,SKIP,1.3984,1.4054,1.3914,1.3844,1.3774,1_breakout:✓ SHORT | 2_rsi:✗ RSI 16.5 | 3_macd:✗ MACD no signal | 4_ema:✓ EMA aligned | 5_momentum:✗ Weak candle | 6_volume:✗ Volume 1.00x | 7_fvg:✗ No FVG | 8_sr:✓ Near S/R
2025-11-28,14:56:20,XAU/USD,LONG,3,SKIP,4201.7848,4180.7759,4222.7937,4243.8026,4264.8115,1_breakout:✓ LONG | 2_rsi:✗ RSI 82.8 | 3_macd:✓ MACD bullish | 4_ema:✓ EMA aligned | 5_momentum:✗ Weak candle | 6_volume:✗ Volume 1.00x | 7_fvg:✗ No FVG | 8_sr:✗ Away S/R
2025-11-28,14:57:14,EUR/USD,LONG,6,Buy Limit,1.1581,1.1523,1.1639,1.1697,1.1755,1_breakout:✓ LONG | 2_rsi:✓ RSI 63.6 | 3_macd:✓ MACD bullish | 4_ema:✓ EMA aligned | 5_momentum:✗ Weak candle | 6_volume:✗ Volume 1.00x | 7_fvg:✓ FVG gap | 8_sr:✓ Near S/R
2025-11-28,14:57:16,GBP/USD,LONG,5,Buy Limit,1.3228,1.3162,1.3294,1.336,1.3426,1_breakout:✓ LONG | 2_rsi:✓ RSI 59.1 | 3_macd:✗ MACD no signal | 4_ema:✓ EMA aligned | 5_momentum:✗ Weak candle | 6_volume:✗ Volume 1.00x | 7_fvg:✓ FVG gap | 8_sr:✓ Near S/R
2025-11-28,14:57:18,USD/CAD,SHORT,4,SKIP,1.3984,1.4054,1.3914,1.3844,1.3774,1_breakout:✓ SHORT | 2_rsi:✗ RSI 18.8 | 3_macd:✗ MACD no signal | 4_ema:✓ EMA aligned | 5_momentum:✗ Weak candle | 6_volume:✗ Volume 1.00x | 7_fvg:✓ FVG gap | 8_sr:✓ Near S/R
2025-11-28,14:57:20,XAU/USD,LONG,3,SKIP,4200.9262,4179.9216,4221.9308,4242.9354,4263.9399,1_breakout:✓ LONG | 2_rsi:✗ RSI 79.1 | 3_macd:✓ MACD bullish | 4_ema:✓ EMA aligned | 5_momentum:✗ Weak candle | 6_volume:✗ Volume 1.00x | 7_fvg:✗ No FVG | 8_sr:✗ Away S/R
2025-11-28,15:06:08,EUR/USD,LONG,6,Buy Limit,1.1584,1.1526,1.1642,1.17,1.1758,1_breakout:✓ LONG | 2_rsi:✓ RSI 65.0 | 3_macd:✓ MACD bullish | 4_ema:✓ EMA aligned | 5_momentum:✗ Weak candle | 6_volume:✗ Volume 1.00x | 7_fvg:✓ FVG gap | 8_sr:✓ Near S/R
2025-11-28,15:06:10,GBP/USD,LONG,4,SKIP,1.3225,1.3159,1.3291,1.3357,1.3423,1_breakout:✓ LONG | 2_rsi:✓ RSI 54.6 | 3_macd:✗ MACD no signal | 4_ema:✓ EMA aligned | 5_momentum:✓ Strong candle | 6_volume:✗ Volume 1.00x | 7_fvg:✗ No FVG | 8_sr:✗ Away S/R
2025-11-28,15:06:11,USD/JPY,SHORT,2,SKIP,156.2133,156.9944,155.4322,154.6511,153.87,1_breakout:✓ SHORT | 2_rsi:✗ RSI 59.1 | 3_macd:✗ MACD no signal | 4_ema:✗ EMA not aligned | 5_momentum:✗ Weak candle | 6_volume:✗ Volume 1.00x | 7_fvg:✓ FVG gap | 8_sr:✗ Away S/R
2025-11-28,15:06:12,USD/CAD,SHORT,5,Sell Limit,1.3976,1.4046,1.3906,1.3836,1.3766,1_breakout:✓ SHORT | 2_rsi:✗ RSI 16.5 | 3_macd:✓ MACD bullish | 4_ema:✓ EMA aligned | 5_momentum:✓ Strong candle | 6_volume:✗ Volume 1.00x | 7_fvg:✓ FVG gap | 8_sr:✗ Away S/R
2025-11-28,15:06:13,EUR/GBP,LONG,4,SKIP,0.8759,0.8715,0.8803,0.8847,0.8891,1_breakout:✓ LONG | 2_rsi:✓ RSI 67.6 | 3_macd:✓ MACD bullish | 4_ema:✓ EMA aligned | 5_momentum:✗ Weak candle | 6_volume:✗ Volume 1.00x | 7_fvg:✗ No FVG | 8_sr:✗ Away S/R
2025-11-28,15:06:14,XAU/USD,LONG,6,Buy Limit,4192.9495,4171.9848,4213.9142,4234.8789,4255.8436,1_breakout:✓ LONG | 2_rsi:✓ RSI 67.2 | 3_macd:✓ MACD bullish | 4_ema:✓ EMA aligned | 5_momentum:✓ Strong candle | 6_volume:✗ Volume 1.00x | 7_fvg:✗ No FVG | 8_sr:✓ Near S/R
2025-11-28,15:35:50,EUR/USD,LONG,5,Buy Limit,1.1584,1.1526,1.1642,1.17,1.1758,1_breakout:✓ LONG | 2_rsi:✓ RSI 65.8 | 3_macd:✓ MACD bullish | 4_ema:✓ EMA aligned | 5_momentum:✗ Weak candle | 6_volume:✗ Volume 1.00x | 7_fvg:✓ FVG gap | 8_sr:✗ Away S/R
2025-11-28,15:35:53,USD/JPY,LONG,5,Buy Limit,156.2948,155.5133,157.0763,157.8578,158.6393,1_breakout:✓ LONG | 2_rsi:✓ RSI 59.6 | 3_macd:✓ MACD bullish | 4_ema:✓ EMA aligned | 5_momentum:✓ Strong candle | 6_volume:✗ Volume 1.00x | 7_fvg:✗ No FVG | 8_sr:✗ Away S/R
2025-11-28,15:35:54,USD/CAD,SHORT,6,Sell Limit,1.3962,1.4032,1.3892,1.3822,1.3752,1_breakout:✓ SHORT | 2_rsi:✗ RSI 9.0 | 3_macd:✓ MACD bullish | 4_ema:✓ EMA aligned | 5_momentum:✓ Strong candle | 6_volume:✗ Volume 1.00x | 7_fvg:✓ FVG gap | 8_sr:✓ Near S/R
2025-11-28,15:35:55,EUR/GBP,LONG,4,SKIP,0.8769,0.8725,0.8813,0.8857,0.8901,1_breakout:✓ LONG | 2_rsi:✗ RSI 92.3 | 3_macd:✓ MACD bullish | 4_ema:✓ EMA aligned | 5_momentum:✗ Weak candle | 6_volume:✗ Volume 1.00x | 7_fvg:✓ FVG gap | 8_sr:✗ Away S/R
2025-11-28,15:35:57,XAU/USD,LONG,3,SKIP,4196.1879,4175.207,4217.1688,4238.1497,4259.1306,1_breakout:✓ LONG | 2_rsi:✗ RSI 47.3 | 3_macd:✗ MACD no signal | 4_ema:✓ EMA aligned | 5_momentum:✗ Weak candle | 6_volume:✗ Volume 1.00x | 7_fvg:✓ FVG gap | 8_sr:✗ Away S/R
2025-11-28,15:38:20,EUR/USD,LONG,4,SKIP,1.1584,1.1526,1.1642,1.17,1.1758,1_breakout:✓ LONG | 2_rsi:✗ RSI 77.7 | 3_macd:✓ MACD bullish | 4_ema:✓ EMA aligned | 5_momentum:✓ Strong candle | 6_volume:✗ Volume 1.00x | 7_fvg:✗ No FVG | 8_sr:✗ Away S/R
2025-11-28,15:38:22,USD/JPY,LONG,3,SKIP,156.285,155.5036,157.0664,157.8478,158.6292,1_breakout:✓ LONG | 2_rsi:✗ RSI 46.2 | 3_macd:✓ MACD bullish | 4_ema:✓ EMA aligned | 5_momentum:✗ Weak candle | 6_volume:✗ Volume 1.00x | 7_fvg:✗ No FVG | 8_sr:✗ Away S/R
2025-11-28,15:38:23,USD/CAD,SHORT,5,Sell Limit,1.3962,1.4031,1.3892,1.3821,1.3752,1_breakout:✓ SHORT | 2_rsi:✗ RSI 10.0 | 3_macd:✓ MACD bullish | 4_ema:✓ EMA aligned | 5_momentum:✗ Weak candle | 6_volume:✗ Volume 1.00x | 7_fvg:✓ FVG gap | 8_sr:✓ Near S/R
2025-11-28,15:38:24,EUR/GBP,LONG,5,Buy Limit,0.8771,0.8727,0.8815,0.8859,0.8903,1_breakout:✓ LONG | 2_rsi:✗ RSI 92.6 | 3_macd:✓ MACD bullish | 4_ema:✓ EMA aligned | 5_momentum:✗ Weak candle | 6_volume:✗ Volume 1.00x | 7_fvg:✓ FVG gap | 8_sr:✓ Near S/R
2025-11-28,15:38:25,XAU/USD,LONG,2,SKIP,4195.4859,4174.5085,4216.4633,4237.4407,4258.4181,1_breakout:✓ LONG | 2_rsi:✗ RSI 49.1 | 3_macd:✗ MACD no signal | 4_ema:✓ EMA aligned | 5_momentum:✗ Weak candle | 6_volume:✗ Volume 1.00x | 7_fvg:✗ No FVG | 8_sr:✗ Away S/R
2025-11-28,15:40:38,EUR/USD,LONG,5,Buy Limit,1.1587,1.1529,1.1645,1.1703,1.1761,1_breakout:✓ LONG | 2_rsi:✗ RSI 79.8 | 3_macd:✓ MACD bullish | 4_ema:✓ EMA aligned | 5_momentum:✓ Strong candle | 6_volume:✗ Volume 1.00x | 7_fvg:✗ No FVG | 8_sr:✓ Near S/R
2025-11-28,15:40:42,USD/CAD,SHORT,5,Sell Limit,1.3962,1.4032,1.3892,1.3822,1.3752,1_breakout:✓ SHORT | 2_rsi:✗ RSI 10.1 | 3_macd:✓ MACD bullish | 4_ema:✓ EMA aligned | 5_momentum:✗ Weak candle | 6_volume:✗ Volume 1.00x | 7_fvg:✓ FVG gap | 8_sr:✓ Near S/R
2025-11-28,15:40:43,EUR/GBP,LONG,5,Buy Limit,0.8771,0.8727,0.8815,0.8859,0.8903,1_breakout:✓ LONG | 2_rsi:✗ RSI 92.6 | 3_macd:✓ MACD bullish | 4_ema:✓ EMA aligned | 5_momentum:✗ Weak candle | 6_volume:✗ Volume 1.00x | 7_fvg:✓ FVG gap | 8_sr:✓ Near S/R
2025-11-28,15:40:44,XAU/USD,LONG,2,SKIP,4195.9861,4175.0062,4216.966,4237.9459,4258.9258,1_breakout:✓ LONG | 2_rsi:✗ RSI 49.7 | 3_macd:✗ MACD no signal | 4_ema:✓ EMA aligned | 5_momentum:✗ Weak candle | 6_volume:✗ Volume 1.00x | 7_fvg:✗ No FVG | 8_sr:✗ Away S/R
2025-11-28,15:42:55,EUR/USD,LONG,3,SKIP,1.1588,1.153,1.1646,1.1704,1.1763,1_breakout:✓ LONG | 2_rsi:✗ RSI 80.3 | 3_macd:✓ MACD bullish | 4_ema:✓ EMA aligned | 5_momentum:✗ Weak candle | 6_volume:✗ Volume 1.00x | 7_fvg:✗ No FVG | 8_sr:✗ Away S/R
2025-11-28,15:42:56,GBP/USD,LONG,3,SKIP,1.3211,1.3145,1.3277,1.3343,1.3409,1_breakout:✓ LONG | 2_rsi:✗ RSI 38.5 | 3_macd:✗ MACD no signal | 4_ema:✗ EMA not aligned | 5_momentum:✓ Strong candle | 6_volume:✗ Volume 1.00x | 7_fvg:✗ No FVG | 8_sr:✓ Near S/R
2025-11-28,15:42:59,USD/CAD,SHORT,5,Sell Limit,1.3961,1.403,1.3891,1.3821,1.3751,1_breakout:✓ SHORT | 2_rsi:✗ RSI 10.1 | 3_macd:✓ MACD bullish | 4_ema:✓ EMA aligned | 5_momentum:✓ Strong candle | 6_volume:✗ Volume 1.00x | 7_fvg:✗ No FVG | 8_sr:✓ Near S/R
2025-11-28,15:43:00,EUR/GBP,LONG,5,Buy Limit,0.8772,0.8728,0.8816,0.886,0.8904,1_breakout:✓ LONG | 2_rsi:✗ RSI 92.6 | 3_macd:✓ MACD bullish | 4_ema:✓ EMA aligned | 5_momentum:✗ Weak candle | 6_volume:✗ Volume 1.00x | 7_fvg:✓ FVG gap | 8_sr:✓ Near S/R
2025-11-28,15:43:02,XAU/USD,LONG,3,SKIP,4197.1969,4176.2109,4218.1829,4239.1689,4260.1549,1_breakout:✓ LONG | 2_rsi:✗ RSI 46.4 | 3_macd:✗ MACD no signal | 4_ema:✓ EMA aligned | 5_momentum:✓ Strong candle | 6_volume:✗ Volume 1.00x | 7_fvg:✗ No FVG | 8_sr:✗ Away S/R
2025-11-28,15:45:13,EUR/USD,LONG,4,SKIP,1.1588,1.153,1.1646,1.1704,1.1762,1_breakout:✓ LONG | 2_rsi:✗ RSI 80.0 | 3_macd:✓ MACD bullish | 4_ema:✓ EMA aligned | 5_momentum:✗ Weak candle | 6_volume:✗ Volume 1.00x | 7_fvg:✗ No FVG | 8_sr:✓ Near S/R
2025-11-28,15:45:14,GBP/USD,LONG,3,SKIP,1.3212,1.3146,1.3278,1.3344,1.341,1_breakout:✓ LONG | 2_rsi:✗ RSI 40.5 | 3_macd:✗ MACD no signal | 4_ema:✗ EMA not aligned | 5_momentum:✓ Strong candle | 6_volume:✗ Volume 1.00x | 7_fvg:✗ No FVG | 8_sr:✓ Near S/R
2025-11-28,15:45:16,USD/CAD,SHORT,5,Sell Limit,1.3959,1.4029,1.3889,1.3819,1.3749,1_breakout:✓ SHORT | 2_rsi:✗ RSI 9.6 | 3_macd:✓ MACD bullish | 4_ema:✓ EMA aligned | 5_momentum:✓ Strong candle | 6_volume:✗ Volume 1.00x | 7_fvg:✗ No FVG | 8_sr:✓ Near S/R
2025-11-28,15:45:17,EUR/GBP,LONG,5,Buy Limit,0.8771,0.8727,0.8815,0.8859,0.8903,1_breakout:✓ LONG | 2_rsi:✗ RSI 89.7 | 3_macd:✓ MACD bullish | 4_ema:✓ EMA aligned | 5_momentum:✗ Weak candle | 6_volume:✗ Volume 1.00x | 7_fvg:✓ FVG gap | 8_sr:✓ Near S/R
2025-11-28,15:45:18,XAU/USD,LONG,3,SKIP,4196.7615,4175.7777,4217.7453,4238.7291,4259.7129,1_breakout:✓ LONG | 2_rsi:✗ RSI 45.8 | 3_macd:✗ MACD no signal | 4_ema:✓ EMA aligned | 5_momentum:✓ Strong candle | 6_volume:✗ Volume 1.00x | 7_fvg:✗ No FVG | 8_sr:✗ Away S/R
2025-12-01,14:45:27,EUR/USD,LONG,1,SKIP,1.1637,1.1579,1.1695,1.1753,1.1811,1_breakout:✓ LONG | 2_rsi:✗ RSI 39.9 | 3_macd:✗ MACD no signal | 4_ema:✗ EMA not aligned | 5_momentum:✗ Weak candle | 6_volume:✗ Volume 1.00x | 7_fvg:✗ No FVG | 8_sr:✗ Away S/R
2025-12-01,14:45:28,GBP/USD,LONG,3,SKIP,1.325,1.3184,1.3316,1.3382,1.3448,1_breakout:✓ LONG | 2_rsi:✗ RSI 38.1 | 3_macd:✗ MACD no signal | 4_ema:✗ EMA not aligned | 5_momentum:✗ Weak candle | 6_volume:✗ Volume 1.00x | 7_fvg:✓ FVG gap | 8_sr:✓ Near S/R
2025-12-01,14:45:29,USD/JPY,SHORT,1,SKIP,154.9255,155.7001,154.1509,153.3763,152.6017,1_breakout:✓ SHORT | 2_rsi:✗ RSI 55.7 | 3_macd:✗ MACD no signal | 4_ema:✗ EMA not aligned | 5_momentum:✗ Weak candle | 6_volume:✗ Volume 1.00x | 7_fvg:✗ No FVG | 8_sr:✗ Away S/R
2025-12-01,14:45:31,USD/CAD,SHORT,2,SKIP,1.3965,1.4035,1.3895,1.3825,1.3755,1_breakout:✓ SHORT | 2_rsi:✗ RSI 64.1 | 3_macd:✗ MACD no signal | 4_ema:✗ EMA not aligned | 5_momentum:✗ Weak candle | 6_volume:✗ Volume 1.00x | 7_fvg:✓ FVG gap | 8_sr:✗ Away S/R
2025-12-01,14:45:32,EUR/GBP,SHORT,2,SKIP,0.8783,0.8827,0.8739,0.8695,0.8651,1_breakout:✓ SHORT | 2_rsi:✗ RSI 57.9 | 3_macd:✗ MACD no signal | 4_ema:✗ EMA not aligned | 5_momentum:✗ Weak candle | 6_volume:✗ Volume 1.00x | 7_fvg:✗ No FVG | 8_sr:✓ Near S/R
2025-12-01,14:45:33,XAU/USD,SHORT,5,Sell Limit,4225.3891,4246.516,4204.2622,4183.1353,4162.0084,1_breakout:✓ SHORT | 2_rsi:✗ RSI 17.8 | 3_macd:✓ MACD bullish | 4_ema:✓ EMA aligned | 5_momentum:✗ Weak candle | 6_volume:✗ Volume 1.00x | 7_fvg:✓ FVG gap | 8_sr:✓ Near S/R
2025-12-01,14:50:30,EUR/USD,LONG,2,SKIP,1.1634,1.1576,1.1692,1.175,1.1808,1_breakout:✓ LONG | 2_rsi:✗ RSI 37.2 | 3_macd:✗ MACD no signal | 4_ema:✗ EMA not aligned | 5_momentum:✗ Weak candle | 6_volume:✗ Volume 1.00x | 7_fvg:✗ No FVG | 8_sr:✓ Near S/R
2025-12-01,14:50:31,GBP/USD,LONG,2,SKIP,1.3248,1.3182,1.3314,1.338,1.3446,1_breakout:✓ LONG | 2_rsi:✗ RSI 37.7 | 3_macd:✗ MACD no signal | 4_ema:✗ EMA not aligned | 5_momentum:✗ Weak candle | 6_volume:✗ Volume 1.00x | 7_fvg:✗ No FVG | 8_sr:✓ Near S/R
2025-12-01,14:50:33,USD/JPY,SHORT,2,SKIP,155.0049,155.7799,154.2299,153.4549,152.6799,1_breakout:✓ SHORT | 2_rsi:✗ RSI 63.8 | 3_macd:✗ MACD no signal | 4_ema:✗ EMA not aligned | 5_momentum:✗ Weak candle | 6_volume:✗ Volume 1.00x | 7_fvg:✗ No FVG | 8_sr:✓ Near S/R
2025-12-01,14:50:34,USD/CAD,SHORT,1,SKIP,1.3964,1.4034,1.3895,1.3824,1.3755,1_breakout:✓ SHORT | 2_rsi:✗ RSI 56.5 | 3_macd:✗ MACD no signal | 4_ema:✗ EMA not aligned | 5_momentum:✗ Weak candle | 6_volume:✗ Volume 1.00x | 7_fvg:✗ No FVG | 8_sr:✗ Away S/R
2025-12-01,14:50:35,EUR/GBP,SHORT,1,SKIP,0.8781,0.8825,0.8737,0.8693,0.8649,1_breakout:✓ SHORT | 2_rsi:✗ RSI 54.3 | 3_macd:✗ MACD no signal | 4_ema:✗ EMA not aligned | 5_momentum:✗ Weak candle | 6_volume:✗ Volume 1.00x | 7_fvg:✗ No FVG | 8_sr:✗ Away S/R
2025-12-01,14:50:36,XAU/USD,SHORT,3,SKIP,4232.2503,4253.4116,4211.089,4189.9277,4168.7664,1_breakout:✓ SHORT | 2_rsi:✗ RSI 25.9 | 3_macd:✓ MACD bullish | 4_ema:✓ EMA aligned | 5_momentum:✗ Weak candle | 6_volume:✗ Volume 1.00x | 7_fvg:✗ No FVG | 8_sr:✗ Away S/R
2025-12-01,14:58:45,EUR/USD,LONG,3,SKIP,1.1632,1.1574,1.169,1.1748,1.1806,1_breakout:✓ LONG | 2_rsi:✗ RSI 31.4 | 3_macd:✗ MACD no signal | 4_ema:✗ EMA not aligned | 5_momentum:✗ Weak candle | 6_volume:✗ Volume 1.00x | 7_fvg:✓ FVG gap | 8_sr:✓ Near S/R
2025-12-01,14:58:46,GBP/USD,LONG,2,SKIP,1.3251,1.3185,1.3317,1.3383,1.3449,1_breakout:✓ LONG | 2_rsi:✗ RSI 29.1 | 3_macd:✗ MACD no signal | 4_ema:✗ EMA not aligned | 5_momentum:✓ Strong candle | 6_volume:✗ Volume 1.00x | 7_fvg:✗ No FVG | 8_sr:✗ Away S/R
2025-12-01,14:58:47,USD/JPY,SHORT,3,SKIP,155.0283,155.8034,154.2532,153.4781,152.703,1_breakout:✓ SHORT | 2_rsi:✗ RSI 68.0 | 3_macd:✗ MACD no signal | 4_ema:✗ EMA not aligned | 5_momentum:✗ Weak candle | 6_volume:✗ Volume 1.00x | 7_fvg:✓ FVG gap | 8_sr:✓ Near S/R
2025-12-01,14:58:49,USD/CAD,SHORT,4,SKIP,1.3961,1.403,1.3891,1.3821,1.3751,1_breakout:✓ SHORT | 2_rsi:✗ RSI 55.9 | 3_macd:✗ MACD no signal | 4_ema:✓ EMA aligned | 5_momentum:✓ Strong candle | 6_volume:✗ Volume 1.00x | 7_fvg:✗ No FVG | 8_sr:✓ Near S/R
2025-12-01,14:58:50,EUR/GBP,SHORT,5,Sell Limit,0.8778,0.8822,0.8734,0.869,0.8646,1_breakout:✓ SHORT | 2_rsi:✗ RSI 59.6 | 3_macd:✗ MACD no signal | 4_ema:✓ EMA aligned | 5_momentum:✓ Strong candle | 6_volume:✗ Volume 1.00x | 7_fvg:✓ FVG gap | 8_sr:✓ Near S/R
2025-12-01,14:58:51,XAU/USD,SHORT,5,Sell Limit,4239.5577,4260.7555,4218.3599,4197.1621,4175.9643,1_breakout:✓ SHORT | 2_rsi:✓ RSI 33.7 | 3_macd:✓ MACD bullish | 4_ema:✓ EMA aligned | 5_momentum:✗ Weak candle | 6_volume:✗ Volume 1.00x | 7_fvg:✓ FVG gap | 8_sr:✗ Away S/R
2025-12-01,14:59:18,EUR/USD,LONG,3,SKIP,1.1632,1.1574,1.169,1.1748,1.1806,1_breakout:✓ LONG | 2_rsi:✗ RSI 31.4 | 3_macd:✗ MACD no signal | 4_ema:✗ EMA not aligned | 5_momentum:✗ Weak candle | 6_volume:✗ Volume 1.00x | 7_fvg:✓ FVG gap | 8_sr:✓ Near S/R
2025-12-01,14:59:19,GBP/USD,LONG,2,SKIP,1.3251,1.3185,1.3317,1.3383,1.3449,1_breakout:✓ LONG | 2_rsi:✗ RSI 29.1 | 3_macd:✗ MACD no signal | 4_ema:✗ EMA not aligned | 5_momentum:✓ Strong candle | 6_volume:✗ Volume 1.00x | 7_fvg:✗ No FVG | 8_sr:✗ Away S/R
2025-12-01,14:59:20,USD/JPY,SHORT,3,SKIP,155.0283,155.8034,154.2532,153.4781,152.703,1_breakout:✓ SHORT | 2_rsi:✗ RSI 68.0 | 3_macd:✗ MACD no signal | 4_ema:✗ EMA not aligned | 5_momentum:✗ Weak candle | 6_volume:✗ Volume 1.00x | 7_fvg:✓ FVG gap | 8_sr:✓ Near S/R
2025-12-01,14:59:21,USD/CAD,SHORT,4,SKIP,1.3961,1.403,1.3891,1.3821,1.3751,1_breakout:✓ SHORT | 2_rsi:✗ RSI 55.9 | 3_macd:✗ MACD no signal | 4_ema:✓ EMA aligned | 5_momentum:✓ Strong candle | 6_volume:✗ Volume 1.00x | 7_fvg:✗ No FVG | 8_sr:✓ Near S/R
2025-12-01,14:59:23,EUR/GBP,SHORT,5,Sell Limit,0.8778,0.8822,0.8734,0.869,0.8646,1_breakout:✓ SHORT | 2_rsi:✗ RSI 59.6 | 3_macd:✗ MACD no signal | 4_ema:✓ EMA aligned | 5_momentum:✓ Strong candle | 6_volume:✗ Volume 1.00x | 7_fvg:✓ FVG gap | 8_sr:✓ Near S/R
2025-12-01,14:59:24,XAU/USD,SHORT,5,Sell Limit,4239.823,4261.0221,4218.6239,4197.4248,4176.2257,1_breakout:✓ SHORT | 2_rsi:✓ RSI 34.0 | 3_macd:✓ MACD bullish | 4_ema:✓ EMA aligned | 5_momentum:✗ Weak candle | 6_volume:✗ Volume 1.00x | 7_fvg:✓ FVG gap | 8_sr:✗ Away S/R
2025-12-01,15:00:41,EUR/USD,LONG,3,SKIP,1.1632,1.1574,1.169,1.1748,1.1806,1_breakout:✓ LONG | 2_rsi:✗ RSI 30.5 | 3_macd:✗ MACD no signal | 4_ema:✗ EMA not aligned | 5_momentum:✗ Weak candle | 6_volume:✗ Volume 1.00x | 7_fvg:✓ FVG gap | 8_sr:✓ Near S/R
2025-12-01,15:00:43,GBP/USD,LONG,2,SKIP,1.325,1.3184,1.3316,1.3382,1.3448,1_breakout:✓ LONG | 2_rsi:✗ RSI 28.0 | 3_macd:✗ MACD no signal | 4_ema:✗ EMA not aligned | 5_momentum:✓ Strong candle | 6_volume:✗ Volume 1.00x | 7_fvg:✗ No FVG | 8_sr:✗ Away S/R
2025-12-01,15:00:44,USD/JPY,SHORT,2,SKIP,155.016,155.7911,154.2409,153.4658,152.6907,1_breakout:✓ SHORT | 2_rsi:✗ RSI 66.9 | 3_macd:✗ MACD no signal | 4_ema:✗ EMA not aligned | 5_momentum:✗ Weak candle | 6_volume:✗ Volume 1.00x | 7_fvg:✓ FVG gap | 8_sr:✗ Away S/R
2025-12-01,15:00:45,USD/CAD,SHORT,2,SKIP,1.3963,1.4033,1.3893,1.3823,1.3753,1_breakout:✓ SHORT | 2_rsi:✗ RSI 64.6 | 3_macd:✗ MACD no signal | 4_ema:✓ EMA aligned | 5_momentum:✗ Weak candle | 6_volume:✗ Volume 1.00x | 7_fvg:✗ No FVG | 8_sr:✗ Away S/R
2025-12-01,15:00:47,EUR/GBP,SHORT,4,SKIP,0.8779,0.8823,0.8735,0.8691,0.8647,1_breakout:✓ SHORT | 2_rsi:✗ RSI 60.1 | 3_macd:✗ MACD no signal | 4_ema:✓ EMA aligned | 5_momentum:✓ Strong candle | 6_volume:✗ Volume 1.00x | 7_fvg:✓ FVG gap | 8_sr:✗ Away S/R
2025-12-01,15:00:48,XAU/USD,SHORT,5,Sell Limit,4239.0584,4260.2537,4217.8631,4196.6678,4175.4725,1_breakout:✓ SHORT | 2_rsi:✓ RSI 33.1 | 3_macd:✓ MACD bullish | 4_ema:✓ EMA aligned | 5_momentum:✗ Weak candle | 6_volume:✗ Volume 1.00x | 7_fvg:✓ FVG gap | 8_sr:✗ Away S/R
2025-12-01,15:05:43,EUR/USD,LONG,2,SKIP,1.1637,1.1579,1.1695,1.1753,1.1811,1_breakout:✓ LONG | 2_rsi:✗ RSI 42.9 | 3_macd:✗ MACD no signal | 4_ema:✗ EMA not aligned | 5_momentum:✓ Strong candle | 6_volume:✗ Volume 1.00x | 7_fvg:✗ No FVG | 8_sr:✗ Away S/R
2025-12-01,15:05:44,GBP/USD,LONG,3,SKIP,1.3255,1.3189,1.3321,1.3387,1.3453,1_breakout:✓ LONG | 2_rsi:✗ RSI 41.0 | 3_macd:✗ MACD no signal | 4_ema:✓ EMA aligned | 5_momentum:✓ Strong candle | 6_volume:✗ Volume 1.00x | 7_fvg:✗ No FVG | 8_sr:✗ Away S/R
2025-12-01,15:05:45,USD/JPY,SHORT,1,SKIP,154.9759,155.7508,154.201,153.4261,152.6512,1_breakout:✓ SHORT | 2_rsi:✗ RSI 56.4 | 3_macd:✗ MACD no signal | 4_ema:✗ EMA not aligned | 5_momentum:✗ Weak candle | 6_volume:✗ Volume 1.00x | 7_fvg:✗ No FVG | 8_sr:✗ Away S/R
2025-12-01,15:05:46,USD/CAD,SHORT,4,SKIP,1.3959,1.4028,1.3889,1.3819,1.3749,1_breakout:✓ SHORT | 2_rsi:✓ RSI 34.6 | 3_macd:✗ MACD no signal | 4_ema:✓ EMA aligned | 5_momentum:✓ Strong candle | 6_volume:✗ Volume 1.00x | 7_fvg:✗ No FVG | 8_sr:✗ Away S/R
2025-12-01,15:05:47,EUR/GBP,SHORT,3,SKIP,0.8779,0.8823,0.8735,0.8691,0.8647,1_breakout:✓ SHORT | 2_rsi:✗ RSI 53.9 | 3_macd:✗ MACD no signal | 4_ema:✓ EMA aligned | 5_momentum:✗ Weak candle | 6_volume:✗ Volume 1.00x | 7_fvg:✓ FVG gap | 8_sr:✗ Away S/R
2025-12-01,15:05:48,XAU/USD,SHORT,5,Sell Limit,4242.1621,4263.3729,4220.9513,4199.7405,4178.5297,1_breakout:✓ SHORT | 2_rsi:✓ RSI 40.4 | 3_macd:✓ MACD bullish | 4_ema:✓ EMA aligned | 5_momentum:✓ Strong candle | 6_volume:✗ Volume 1.00x | 7_fvg:✗ No FVG | 8_sr:✗ Away S/R
2025-12-01,15:10:31,EUR/USD,LONG,4,SKIP,1.164,1.1582,1.1698,1.1756,1.1814,1_breakout:✓ LONG | 2_rsi:✗ RSI 39.3 | 3_macd:✗ MACD no signal | 4_ema:✓ EMA aligned | 5_momentum:✗ Weak candle | 6_volume:✗ Volume 1.00x | 7_fvg:✓ FVG gap | 8_sr:✓ Near S/R
2025-12-01,15:10:33,GBP/USD,LONG,4,SKIP,1.3257,1.3191,1.3323,1.3389,1.3455,1_breakout:✓ LONG | 2_rsi:✗ RSI 37.5 | 3_macd:✗ MACD no signal | 4_ema:✓ EMA aligned | 5_momentum:✗ Weak candle | 6_volume:✗ Volume 1.00x | 7_fvg:✓ FVG gap | 8_sr:✓ Near S/R
2025-12-01,15:10:34,USD/JPY,SHORT,3,SKIP,155.0471,155.8223,154.2719,153.4967,152.7215,1_breakout:✓ SHORT | 2_rsi:✗ RSI 67.0 | 3_macd:✗ MACD no signal | 4_ema:✗ EMA not aligned | 5_momentum:✓ Strong candle | 6_volume:✗ Volume 1.00x | 7_fvg:✗ No FVG | 8_sr:✓ Near S/R
2025-12-01,15:10:35,USD/CAD,SHORT,5,Sell Limit,1.3959,1.4028,1.3889,1.3819,1.3749,1_breakout:✓ SHORT | 2_rsi:✓ RSI 35.3 | 3_macd:✓ MACD bullish | 4_ema:✓ EMA aligned | 5_momentum:✗ Weak candle | 6_volume:✗ Volume 1.00x | 7_fvg:✓ FVG gap | 8_sr:✗ Away S/R
2025-12-01,15:10:36,EUR/GBP,SHORT,1,SKIP,0.878,0.8824,0.8736,0.8692,0.8648,1_breakout:✓ SHORT | 2_rsi:✗ RSI 53.7 | 3_macd:✗ MACD no signal | 4_ema:✗ EMA not aligned | 5_momentum:✗ Weak candle | 6_volume:✗ Volume 1.00x | 7_fvg:✗ No FVG | 8_sr:✗ Away S/R
2025-12-01,15:10:37,XAU/USD,SHORT,5,Sell Limit,4242.8284,4264.0425,4221.6143,4200.4002,4179.1861,1_breakout:✓ SHORT | 2_rsi:✓ RSI 40.4 | 3_macd:✓ MACD bullish | 4_ema:✓ EMA aligned | 5_momentum:✗ Weak candle | 6_volume:✗ Volume 1.00x | 7_fvg:✓ FVG gap | 8_sr:✗ Away S/R
2025-12-01,15:15:33,EUR/USD,LONG,2,SKIP,1.1635,1.1577,1.1693,1.1751,1.1809,1_breakout:✓ LONG | 2_rsi:✗ RSI 39.2 | 3_macd:✗ MACD no signal | 4_ema:✗ EMA not aligned | 5_momentum:✓ Strong candle | 6_volume:✗ Volume 1.00x | 7_fvg:✗ No FVG | 8_sr:✗ Away S/R
2025-12-01,15:15:34,GBP/USD,LONG,2,SKIP,1.3253,1.3187,1.3319,1.3385,1.3451,1_breakout:✓ LONG | 2_rsi:✗ RSI 40.0 | 3_macd:✗ MACD no signal | 4_ema:✗ EMA not aligned | 5_momentum:✓ Strong candle | 6_volume:✗ Volume 1.00x | 7_fvg:✗ No FVG | 8_sr:✗ Away S/R
2025-12-01,15:15:35,USD/JPY,SHORT,2,SKIP,155.1091,155.8846,154.3336,153.5581,152.7826,1_breakout:✓ SHORT | 2_rsi:✗ RSI 63.4 | 3_macd:✗ MACD no signal | 4_ema:✗ EMA not aligned | 5_momentum:✗ Weak candle | 6_volume:✗ Volume 1.00x | 7_fvg:✓ FVG gap | 8_sr:✗ Away S/R
2025-12-01,15:15:36,USD/CAD,SHORT,6,Sell Limit,1.3958,1.4028,1.3888,1.3818,1.3748,1_breakout:✓ SHORT | 2_rsi:✓ RSI 32.7 | 3_macd:✓ MACD bullish | 4_ema:✓ EMA aligned | 5_momentum:✓ Strong candle | 6_volume:✗ Volume 1.00x | 7_fvg:✗ No FVG | 8_sr:✓ Near S/R
2025-12-01,15:15:38,EUR/GBP,SHORT,3,SKIP,0.878,0.8823,0.8736,0.8691,0.8648,1_breakout:✓ SHORT | 2_rsi:✓ RSI 49.8 | 3_macd:✗ MACD no signal | 4_ema:✓ EMA aligned | 5_momentum:✗ Weak candle | 6_volume:✗ Volume 1.00x | 7_fvg:✗ No FVG | 8_sr:✗ Away S/R
2025-12-01,15:15:39,XAU/USD,SHORT,5,Sell Limit,4234.4296,4255.6017,4213.2575,4192.0854,4170.9133,1_breakout:✓ SHORT | 2_rsi:✓ RSI 39.2 | 3_macd:✓ MACD bullish | 4_ema:✓ EMA aligned | 5_momentum:✓ Strong candle | 6_volume:✗ Volume 1.00x | 7_fvg:✗ No FVG | 8_sr:✗ Away S/R
2025-12-01,15:20:27,EUR/USD,LONG,2,SKIP,1.1635,1.1577,1.1693,1.1751,1.1809,1_breakout:✓ LONG | 2_rsi:✗ RSI 41.9 | 3_macd:✗ MACD no signal | 4_ema:✗ EMA not aligned | 5_momentum:✗ Weak candle | 6_volume:✗ Volume 1.00x | 7_fvg:✓ FVG gap | 8_sr:✗ Away S/R
2025-12-01,15:20:28,GBP/USD,LONG,2,SKIP,1.3248,1.3182,1.3314,1.338,1.3446,1_breakout:✓ LONG | 2_rsi:✗ RSI 44.1 | 3_macd:✗ MACD no signal | 4_ema:✗ EMA not aligned | 5_momentum:✗ Weak candle | 6_volume:✗ Volume 1.00x | 7_fvg:✓ FVG gap | 8_sr:✗ Away S/R
2025-12-01,15:20:29,USD/JPY,SHORT,3,SKIP,155.0967,155.8722,154.3212,153.5457,152.7702,1_breakout:✓ SHORT | 2_rsi:✗ RSI 61.6 | 3_macd:✗ MACD no signal | 4_ema:✗ EMA not aligned | 5_momentum:✗ Weak candle | 6_volume:✗ Volume 1.00x | 7_fvg:✓ FVG gap | 8_sr:✓ Near S/R
2025-12-01,15:20:31,USD/CAD,SHORT,5,Sell Limit,1.3962,1.4032,1.3892,1.3822,1.3752,1_breakout:✓ SHORT | 2_rsi:✓ RSI 46.0 | 3_macd:✓ MACD bullish | 4_ema:✓ EMA aligned | 5_momentum:✓ Strong candle | 6_volume:✗ Volume 1.00x | 7_fvg:✗ No FVG | 8_sr:✗ Away S/R
2025-12-01,15:20:32,EUR/GBP,SHORT,4,SKIP,0.8782,0.8826,0.8739,0.8694,0.865,1_breakout:✓ SHORT | 2_rsi:✓ RSI 48.0 | 3_macd:✗ MACD no signal | 4_ema:✗ EMA not aligned | 5_momentum:✓ Strong candle | 6_volume:✗ Volume 1.00x | 7_fvg:✗ No FVG | 8_sr:✓ Near S/R
2025-12-01,15:20:33,XAU/USD,SHORT,5,Sell Limit,4230.7326,4251.8863,4209.5789,4188.4252,4167.2715,1_breakout:✓ SHORT | 2_rsi:✓ RSI 38.1 | 3_macd:✓ MACD bullish | 4_ema:✓ EMA aligned | 5_momentum:✗ Weak candle | 6_volume:✗ Volume 1.00x | 7_fvg:✓ FVG gap | 8_sr:✗ Away S/R
2025-12-01,15:25:30,EUR/USD,LONG,3,SKIP,1.1637,1.1579,1.1695,1.1753,1.1811,1_breakout:✓ LONG | 2_rsi:✗ RSI 46.5 | 3_macd:✗ MACD no signal | 4_ema:✓ EMA aligned | 5_momentum:✓ Strong candle | 6_volume:✗ Volume 1.00x | 7_fvg:✗ No FVG | 8_sr:✗ Away S/R
2025-12-01,15:25:31,GBP/USD,LONG,1,SKIP,1.3253,1.3187,1.3318,1.3385,1.3451,1_breakout:✓ LONG | 2_rsi:✗ RSI 44.7 | 3_macd:✗ MACD no signal | 4_ema:✗ EMA not aligned | 5_momentum:✗ Weak candle | 6_volume:✗ Volume 1.00x | 7_fvg:✗ No FVG | 8_sr:✗ Away S/R
2025-12-01,15:25:32,USD/JPY,SHORT,2,SKIP,155.0674,155.8427,154.2921,153.5168,152.7415,1_breakout:✓ SHORT | 2_rsi:✗ RSI 57.1 | 3_macd:✗ MACD no signal | 4_ema:✗ EMA not aligned | 5_momentum:✓ Strong candle | 6_volume:✗ Volume 1.00x | 7_fvg:✗ No FVG | 8_sr:✗ Away S/R
2025-12-01,15:25:33,USD/CAD,SHORT,4,SKIP,1.396,1.403,1.389,1.382,1.375,1_breakout:✓ SHORT | 2_rsi:✓ RSI 38.9 | 3_macd:✓ MACD bullish | 4_ema:✓ EMA aligned | 5_momentum:✗ Weak candle | 6_volume:✗ Volume 1.00x | 7_fvg:✗ No FVG | 8_sr:✗ Away S/R
2025-12-01,15:25:34,EUR/GBP,SHORT,2,SKIP,0.8781,0.8825,0.8737,0.8693,0.8649,1_breakout:✓ SHORT | 2_rsi:✗ RSI 52.2 | 3_macd:✗ MACD no signal | 4_ema:✗ EMA not aligned | 5_momentum:✗ Weak candle | 6_volume:✗ Volume 1.00x | 7_fvg:✓ FVG gap | 8_sr:✗ Away S/R
2025-12-01,15:25:36,XAU/USD,SHORT,6,Sell Limit,4222.1621,4243.2729,4201.0513,4179.9405,4158.8297,1_breakout:✓ SHORT | 2_rsi:✗ RSI 30.0 | 3_macd:✓ MACD bullish | 4_ema:✓ EMA aligned | 5_momentum:✓ Strong candle | 6_volume:✗ Volume 1.00x | 7_fvg:✓ FVG gap | 8_sr:✓ Near S/R
2025-12-01,15:30:37,EUR/USD,LONG,1,SKIP,1.1633,1.1575,1.1691,1.1749,1.1807,1_breakout:✓ LONG | 2_rsi:✗ RSI 43.4 | 3_macd:✗ MACD no signal | 4_ema:✗ EMA not aligned | 5_momentum:✗ Weak candle | 6_volume:✗ Volume 1.00x | 7_fvg:✗ No FVG | 8_sr:✗ Away S/R
2025-12-01,15:30:39,GBP/USD,LONG,1,SKIP,1.3248,1.3182,1.3314,1.338,1.3446,1_breakout:✓ LONG | 2_rsi:✗ RSI 39.6 | 3_macd:✗ MACD no signal | 4_ema:✗ EMA not aligned | 5_momentum:✗ Weak candle | 6_volume:✗ Volume 1.00x | 7_fvg:✗ No FVG | 8_sr:✗ Away S/R
2025-12-01,15:30:41,USD/JPY,SHORT,3,SKIP,155.1202,155.8958,154.3446,153.569,152.7934,1_breakout:✓ SHORT | 2_rsi:✗ RSI 68.3 | 3_macd:✗ MACD no signal | 4_ema:✗ EMA not aligned | 5_momentum:✓ Strong candle | 6_volume:✗ Volume 1.00x | 7_fvg:✗ No FVG | 8_sr:✓ Near S/R
2025-12-01,15:30:42,USD/CAD,SHORT,3,SKIP,1.3961,1.4031,1.3891,1.3821,1.3751,1_breakout:✓ SHORT | 2_rsi:✓ RSI 41.0 | 3_macd:✗ MACD no signal | 4_ema:✓ EMA aligned | 5_momentum:✗ Weak candle | 6_volume:✗ Volume 1.00x | 7_fvg:✗ No FVG | 8_sr:✗ Away S/R
2025-12-01,15:30:43,EUR/GBP,SHORT,1,SKIP,0.8781,0.8825,0.8737,0.8693,0.8649,1_breakout:✓ SHORT | 2_rsi:✗ RSI 55.9 | 3_macd:✗ MACD no signal | 4_ema:✗ EMA not aligned | 5_momentum:✗ Weak candle | 6_volume:✗ Volume 1.00x | 7_fvg:✗ No FVG | 8_sr:✗ Away S/R
2025-12-01,15:30:44,XAU/USD,SHORT,4,SKIP,4225.3178,4246.4444,4204.1912,4183.0646,4161.938,1_breakout:✓ SHORT | 2_rsi:✓ RSI 33.0 | 3_macd:✓ MACD bullish | 4_ema:✓ EMA aligned | 5_momentum:✗ Weak candle | 6_volume:✗ Volume 1.00x | 7_fvg:✗ No FVG | 8_sr:✗ Away S/R
2025-12-01,15:41:24,EUR/USD,SHORT,6,Sell Limit,1.1627,1.1685,1.1569,1.1511,1.1453,1_breakout:✓ SHORT | 2_rsi:✓ RSI 37.6 | 3_macd:✓ MACD bullish | 4_ema:✓ EMA aligned | 5_momentum:✗ Weak candle | 6_volume:✗ Volume 1.00x | 7_fvg:✓ FVG gap | 8_sr:✓ Near S/R
2025-12-01,15:41:27,USD/CAD,SHORT,3,SKIP,1.3972,1.4042,1.3902,1.3832,1.3762,1_breakout:✓ SHORT | 2_rsi:✗ RSI 66.7 | 3_macd:✗ MACD no signal | 4_ema:✗ EMA not aligned | 5_momentum:✗ Weak candle | 6_volume:✗ Volume 1.00x | 7_fvg:✓ FVG gap | 8_sr:✓ Near S/R
2025-12-01,15:41:28,EUR/GBP,SHORT,3,SKIP,0.8785,0.8829,0.8741,0.8697,0.8653,1_breakout:✓ SHORT | 2_rsi:✗ RSI 62.9 | 3_macd:✗ MACD no signal | 4_ema:✗ EMA not aligned | 5_momentum:✗ Weak candle | 6_volume:✗ Volume 1.00x | 7_fvg:✓ FVG gap | 8_sr:✓ Near S/R
2025-12-01,15:41:29,XAU/USD,SHORT,5,Sell Limit,4232.733,4253.8967,4211.5693,4190.4056,4169.2419,1_breakout:✓ SHORT | 2_rsi:✓ RSI 41.0 | 3_macd:✓ MACD bullish | 4_ema:✓ EMA aligned | 5_momentum:✗ Weak candle | 6_volume:✗ Volume 1.00x | 7_fvg:✓ FVG gap | 8_sr:✗ Away S/R
2025-12-01,15:43:07,EUR/USD,SHORT,5,Sell Limit,1.1625,1.1683,1.1567,1.1509,1.1451,1_breakout:✓ SHORT | 2_rsi:✓ RSI 36.6 | 3_macd:✓ MACD bullish | 4_ema:✓ EMA aligned | 5_momentum:✗ Weak candle | 6_volume:✗ Volume 1.00x | 7_fvg:✓ FVG gap | 8_sr:✗ Away S/R
2025-12-01,15:43:10,USD/CAD,SHORT,3,SKIP,1.3972,1.4042,1.3902,1.3832,1.3762,1_breakout:✓ SHORT | 2_rsi:✗ RSI 67.0 | 3_macd:✗ MACD no signal | 4_ema:✗ EMA not aligned | 5_momentum:✗ Weak candle | 6_volume:✗ Volume 1.00x | 7_fvg:✓ FVG gap | 8_sr:✓ Near S/R
2025-12-01,15:43:11,EUR/GBP,SHORT,1,SKIP,0.8783,0.8827,0.8739,0.8695,0.8651,1_breakout:✓ SHORT | 2_rsi:✗ RSI 58.2 | 3_macd:✗ MACD no signal | 4_ema:✗ EMA not aligned | 5_momentum:✗ Weak candle | 6_volume:✗ Volume 1.00x | 7_fvg:✗ No FVG | 8_sr:✗ Away S/R
2025-12-01,15:43:13,XAU/USD,SHORT,5,Sell Limit,4235.382,4256.5589,4214.2051,4193.0282,4171.8513,1_breakout:✓ SHORT | 2_rsi:✓ RSI 43.2 | 3_macd:✓ MACD bullish | 4_ema:✓ EMA aligned | 5_momentum:✗ Weak candle | 6_volume:✗ Volume 1.00x | 7_fvg:✓ FVG gap | 8_sr:✗ Away S/R
2025-12-01,15:43:50,EUR/USD,SHORT,6,Sell Limit,1.1624,1.1682,1.1566,1.1508,1.145,1_breakout:✓ SHORT | 2_rsi:✓ RSI 35.5 | 3_macd:✓ MACD bullish | 4_ema:✓ EMA aligned | 5_momentum:✓ Strong candle | 6_volume:✗ Volume 1.00x | 7_fvg:✓ FVG gap | 8_sr:✗ Away S/R
2025-12-01,15:46:04,EUR/USD,SHORT,5,Sell Limit,1.1625,1.1683,1.1567,1.1509,1.1451,1_breakout:✓ SHORT | 2_rsi:✓ RSI 36.0 | 3_macd:✓ MACD bullish | 4_ema:✓ EMA aligned | 5_momentum:✗ Weak candle | 6_volume:✗ Volume 1.00x | 7_fvg:✓ FVG gap | 8_sr:✗ Away S/R
2025-12-01,15:46:08,USD/CAD,SHORT,3,SKIP,1.3972,1.4042,1.3902,1.3832,1.3762,1_breakout:✓ SHORT | 2_rsi:✗ RSI 66.3 | 3_macd:✗ MACD no signal | 4_ema:✗ EMA not aligned | 5_momentum:✗ Weak candle | 6_volume:✗ Volume 1.00x | 7_fvg:✓ FVG gap | 8_sr:✓ Near S/R
2025-12-01,15:46:09,EUR/GBP,SHORT,2,SKIP,0.8785,0.8829,0.8741,0.8697,0.8653,1_breakout:✓ SHORT | 2_rsi:✗ RSI 63.2 | 3_macd:✗ MACD no signal | 4_ema:✗ EMA not aligned | 5_momentum:✗ Weak candle | 6_volume:✗ Volume 1.00x | 7_fvg:✗ No FVG | 8_sr:✓ Near S/R
2025-12-01,15:46:10,XAU/USD,SHORT,5,Sell Limit,4229.5053,4250.6528,4208.3578,4187.2103,4166.0628,1_breakout:✓ SHORT | 2_rsi:✓ RSI 39.1 | 3_macd:✓ MACD bullish | 4_ema:✓ EMA aligned | 5_momentum:✗ Weak candle | 6_volume:✗ Volume 1.00x | 7_fvg:✓ FVG gap | 8_sr:✗ Away S/R
2025-12-01,15:47:24,GBP/USD,LONG,2,SKIP,1.3238,1.3173,1.3304,1.3371,1.3437,1_breakout:✓ LONG | 2_rsi:✗ RSI 42.3 | 3_macd:✗ MACD no signal | 4_ema:✗ EMA not aligned | 5_momentum:✓ Strong candle | 6_volume:✗ Volume 1.00x | 7_fvg:✗ No FVG | 8_sr:✗ Away S/R
2025-12-01,15:47:26,USD/CAD,SHORT,3,SKIP,1.3973,1.4043,1.3903,1.3833,1.3763,1_breakout:✓ SHORT | 2_rsi:✗ RSI 65.3 | 3_macd:✗ MACD no signal | 4_ema:✗ EMA not aligned | 5_momentum:✓ Strong candle | 6_volume:✗ Volume 1.00x | 7_fvg:✗ No FVG | 8_sr:✓ Near S/R
2025-12-01,15:47:27,EUR/GBP,SHORT,2,SKIP,0.8783,0.8827,0.8739,0.8695,0.8651,1_breakout:✓ SHORT | 2_rsi:✗ RSI 53.6 | 3_macd:✗ MACD no signal | 4_ema:✗ EMA not aligned | 5_momentum:✓ Strong candle | 6_volume:✗ Volume 1.00x | 7_fvg:✗ No FVG | 8_sr:✗ Away S/R
2025-12-01,15:47:28,XAU/USD,SHORT,4,SKIP,4227.6672,4248.8055,4206.5289,4185.3906,4164.2523,1_breakout:✓ SHORT | 2_rsi:✓ RSI 48.1 | 3_macd:✓ MACD bullish | 4_ema:✓ EMA aligned | 5_momentum:✗ Weak candle | 6_volume:✗ Volume 1.00x | 7_fvg:✗ No FVG | 8_sr:✗ Away S/R
2025-12-01,15:50:02,GBP/USD,LONG,2,SKIP,1.324,1.3175,1.3306,1.3373,1.3438,1_breakout:✓ LONG | 2_rsi:✗ RSI 44.4 | 3_macd:✗ MACD no signal | 4_ema:✗ EMA not aligned | 5_momentum:✓ Strong candle | 6_volume:✗ Volume 1.00x | 7_fvg:✗ No FVG | 8_sr:✗ Away S/R
2025-12-01,15:50:04,USD/CAD,SHORT,2,SKIP,1.3971,1.4041,1.3901,1.3831,1.3761,1_breakout:✓ SHORT | 2_rsi:✗ RSI 61.3 | 3_macd:✗ MACD no signal | 4_ema:✗ EMA not aligned | 5_momentum:✗ Weak candle | 6_volume:✗ Volume 1.00x | 7_fvg:✗ No FVG | 8_sr:✓ Near S/R
2025-12-01,15:50:05,EUR/GBP,SHORT,2,SKIP,0.8782,0.8826,0.8738,0.8694,0.865,1_breakout:✓ SHORT | 2_rsi:✗ RSI 52.6 | 3_macd:✗ MACD no signal | 4_ema:✗ EMA not aligned | 5_momentum:✓ Strong candle | 6_volume:✗ Volume 1.00x | 7_fvg:✗ No FVG | 8_sr:✗ Away S/R
2025-12-01,15:50:07,XAU/USD,SHORT,5,Sell Limit,4223.6851,4244.8035,4202.5667,4181.4483,4160.3299,1_breakout:✓ SHORT | 2_rsi:✓ RSI 45.0 | 3_macd:✓ MACD bullish | 4_ema:✓ EMA aligned | 5_momentum:✓ Strong candle | 6_volume:✗ Volume 1.00x | 7_fvg:✗ No FVG | 8_sr:✗ Away S/R
2025-12-01,15:51:49,GBP/USD,LONG,2,SKIP,1.3243,1.3177,1.3309,1.3375,1.3441,1_breakout:✓ LONG | 2_rsi:✗ RSI 44.0 | 3_macd:✗ MACD no signal | 4_ema:✗ EMA not aligned | 5_momentum:✗ Weak candle | 6_volume:✗ Volume 1.00x | 7_fvg:✓ FVG gap | 8_sr:✗ Away S/R
2025-12-01,15:51:50,USD/JPY,SHORT,2,SKIP,155.0984,155.8739,154.3229,153.5474,152.7719,1_breakout:✓ SHORT | 2_rsi:✗ RSI 64.6 | 3_macd:✗ MACD no signal | 4_ema:✗ EMA not aligned | 5_momentum:✗ Weak candle | 6_volume:✗ Volume 1.00x | 7_fvg:✓ FVG gap | 8_sr:✗ Away S/R
2025-12-01,15:51:51,USD/CAD,SHORT,2,SKIP,1.3971,1.4041,1.3901,1.3831,1.3761,1_breakout:✓ SHORT | 2_rsi:✗ RSI 60.3 | 3_macd:✗ MACD no signal | 4_ema:✗ EMA not aligned | 5_momentum:✗ Weak candle | 6_volume:✗ Volume 1.00x | 7_fvg:✗ No FVG | 8_sr:✓ Near S/R
2025-12-01,15:51:52,EUR/GBP,SHORT,3,SKIP,0.8781,0.8825,0.8738,0.8693,0.8649,1_breakout:✓ SHORT | 2_rsi:✓ RSI 46.9 | 3_macd:✗ MACD no signal | 4_ema:✗ EMA not aligned | 5_momentum:✗ Weak candle | 6_volume:✗ Volume 1.00x | 7_fvg:✓ FVG gap | 8_sr:✗ Away S/R
2025-12-01,15:51:53,XAU/USD,SHORT,4,SKIP,4228.1982,4249.3392,4207.0572,4185.9162,4164.7752,1_breakout:✓ SHORT | 2_rsi:✗ RSI 52.6 | 3_macd:✓ MACD bullish | 4_ema:✓ EMA aligned | 5_momentum:✗ Weak candle | 6_volume:✗ Volume 1.00x | 7_fvg:✓ FVG gap | 8_sr:✗ Away S/R
2025-12-02,06:15:39,EUR/USD,SHORT,6,Sell Limit,1.1608,1.1666,1.155,1.1492,1.1434,1_breakout:✓ SHORT | 2_rsi:✓ RSI 39.8 | 3_macd:✓ MACD bullish | 4_ema:✓ EMA aligned | 5_momentum:✗ Weak candle | 6_volume:✗ Volume 1.00x | 7_fvg:✓ FVG gap | 8_sr:✓ Near S/R
2025-12-02,06:15:40,GBP/USD,SHORT,5,Sell Limit,1.321,1.3276,1.3144,1.3078,1.3012,1_breakout:✓ SHORT | 2_rsi:✓ RSI 33.5 | 3_macd:✓ MACD bullish | 4_ema:✓ EMA aligned | 5_momentum:✗ Weak candle | 6_volume:✗ Volume 1.00x | 7_fvg:✓ FVG gap | 8_sr:✗ Away S/R
2025-12-02,06:15:41,USD/JPY,LONG,5,Buy Limit,155.7584,154.9796,156.5372,157.316,158.0948,1_breakout:✓ LONG | 2_rsi:✓ RSI 68.0 | 3_macd:✓ MACD bullish | 4_ema:✓ EMA aligned | 5_momentum:✗ Weak candle | 6_volume:✗ Volume 1.00x | 7_fvg:✓ FVG gap | 8_sr:✗ Away S/R
2025-12-02,06:15:43,USD/CAD,SHORT,3,SKIP,1.4001,1.407,1.3931,1.3861,1.3791,1_breakout:✓ SHORT | 2_rsi:✗ RSI 60.5 | 3_macd:✗ MACD no signal | 4_ema:✗ EMA not aligned | 5_momentum:✗ Weak candle | 6_volume:✗ Volume 1.00x | 7_fvg:✓ FVG gap | 8_sr:✓ Near S/R
2025-12-02,06:15:45,XAU/USD,LONG,4,SKIP,4225.3554,4204.2286,4246.4822,4267.6090,4288.7358,1_breakout:✓ LONG | 2_rsi:✗ RSI 81.8 | 3_macd:✓ MACD bullish | 4_ema:✓ EMA aligned | 5_momentum:✗ Weak candle | 6_volume:✗ Volume 1.00x | 7_fvg:✗ No FVG | 8_sr:✓ Near S/R
